{"stats":{"minecraft:used":{"farmersdelight:tomato":1,"minecraft:bread":2,"minecraft:wooden_pickaxe":29,"minecraft:stone_axe":2,"minecraft:wooden_sword":17,"tombstone:gift":1},"minecraft:custom":{"minecraft:time_since_rest":23608,"minecraft:interact_with_furnace":1,"lootr:looted_stat":18,"minecraft:sprint_one_cm":93848,"minecraft:damage_taken":544,"minecraft:walk_one_cm":175720,"minecraft:trigger_trapped_chest":1,"minecraft:mob_kills":8,"minecraft:drop":6,"minecraft:damage_dealt":606,"minecraft:interact_with_crafting_table":6,"minecraft:swim_one_cm":30115,"minecraft:talked_to_villager":1,"minecraft:fly_one_cm":117897,"minecraft:open_chest":1,"minecraft:crouch_one_cm":2405,"minecraft:play_time":37192,"tombstone:undead_killed":1,"minecraft:deaths":1,"minecraft:sneak_time":505,"minecraft:walk_under_water_one_cm":9414,"minecraft:damage_dealt_resisted":0,"minecraft:jump":656,"minecraft:leave_game":2,"minecraft:time_since_death":24440,"minecraft:walk_on_water_one_cm":5175,"minecraft:total_world_time":37192,"minecraft:fall_one_cm":16007},"minecraft:killed_by":{"minecraft:player":1},"minecraft:picked_up":{"minecraft:dandelion":1,"minecraft:potato":9,"aquaculture:perch":1,"farmersdelight:tomato_seeds":8,"minecraft:oak_log":3,"minecraft:cherry_log":12,"minecraft:ink_sac":1,"aether:leather_gloves":1,"farmersdelight:tomato":1,"minecraft:string":1,"minecraft:rotten_flesh":2,"minecraft:bow":1,"aquaculture:bluegill":1,"minecraft:hay_block":2,"minecraft:iron_ingot":2,"minecraft:bread":2,"aquaculture:carp":3,"aquaculture:minnow":2,"twigs:twig":3,"minecraft:skeleton_skull":2,"minecraft:cobblestone":29},"minecraft:mined":{"minecraft:skeleton_skull":1,"minecraft:hay_block":2,"minecraft:cherry_log":13,"minecraft:potatoes":2,"biomesoplenty:bush":2,"minecraft:oak_log":3,"minecraft:dirt_path":1,"farmersdelight:wild_tomatoes":8,"minecraft:stone":29},"minecraft:dropped":{"minecraft:bread":2,"minecraft:skeleton_skull":1,"aether:leather_gloves":1,"twigs:twig":1,"minecraft:dandelion":1},"minecraft:killed":{"aquaculture:minnow":2,"minecraft:zombie":1,"aquaculture:bluegill":1,"aquaculture:perch":1,"aquaculture:carp":3},"minecraft:crafted":{"minecraft:cherry_planks":12,"minecraft:wooden_sword":1,"minecraft:oak_planks":12,"minecraft:crafting_table":1,"minecraft:stick":12,"minecraft:wooden_pickaxe":2,"minecraft:stone_pickaxe":1,"minecraft:stone_axe":1}},"DataVersion":3465}