{"stats":{"minecraft:killed_by":{"minecraft:player":1},"minecraft:killed":{"aquaculture:bluegill":2,"minecraft:spider":2,"minecraft:cod":1,"minecraft:skeleton":1,"aquaculture:minnow":2,"minecraft:zombie":5,"aquaculture:brown_trout":1,"aquaculture:perch":1,"aquaculture:carp":3},"minecraft:dropped":{"minecraft:bread":2,"minecraft:lilac":1,"aether:leather_gloves":1,"minecraft:stick":1,"minecraft:skeleton_skull":1,"tombstone:grave_dust":1,"twigs:twig":1,"minecraft:dandelion":1},"minecraft:crafted":{"minecraft:cherry_planks":12,"minecraft:wooden_sword":1,"minecraft:oak_planks":132,"minecraft:leather_boots":1,"minecraft:crafting_table":2,"minecraft:wooden_pickaxe":2,"minecraft:furnace":1,"minecraft:bucket":1,"minecraft:stone_axe":2,"minecraft:bread":6,"minecraft:stick":16,"quark:oak_chest":3,"minecraft:stone_pickaxe":1,"minecraft:stone_hoe":1,"minecraft:wheat":18},"minecraft:custom":{"minecraft:interact_with_furnace":4,"lootr:looted_stat":19,"minecraft:mob_kills":18,"exposure:flashes_triggered":5,"minecraft:interact_with_crafting_table":29,"exposure:film_frames_exposed":5,"minecraft:damage_dealt_resisted":14,"minecraft:leave_game":4,"minecraft:time_since_death":73454,"minecraft:sleep_in_bed":7,"minecraft:climb_one_cm":1356,"minecraft:time_since_rest":3330,"minecraft:sprint_one_cm":256524,"minecraft:damage_taken":1608,"minecraft:walk_one_cm":352751,"minecraft:trigger_trapped_chest":1,"minecraft:drop":9,"minecraft:damage_dealt":2360,"minecraft:swim_one_cm":61609,"minecraft:talked_to_villager":1,"minecraft:fly_one_cm":455980,"minecraft:open_chest":31,"minecraft:play_time":129893,"minecraft:crouch_one_cm":5986,"minecraft:sneak_time":1443,"tombstone:undead_killed":6,"minecraft:deaths":2,"minecraft:walk_under_water_one_cm":22725,"minecraft:jump":1843,"minecraft:walk_on_water_one_cm":11608,"minecraft:total_world_time":129893,"minecraft:fall_one_cm":42102},"minecraft:mined":{"quark:oak_chest":1,"minecraft:cherry_log":13,"biomesoplenty:bush":2,"minecraft:grass_block":121,"twigs:roseate_seashell":1,"minecraft:rose_bush":5,"minecraft:tall_grass":8,"farmersdelight:wild_tomatoes":8,"minecraft:oak_planks":1,"minecraft:skeleton_skull":1,"minecraft:hay_block":2,"minecraft:purple_bed":1,"minecraft:birch_log":13,"minecraft:spruce_log":13,"minecraft:moss_carpet":2,"minecraft:peony":4,"minecraft:grass":39,"minecraft:potatoes":3,"minecraft:oak_log":74,"minecraft:vine":2,"minecraft:dirt_path":1,"minecraft:sand":77,"minecraft:dirt":4,"quark:hollow_oak_log":7,"minecraft:stone":60,"twigs:opaline_seashell":1,"create:limestone":5,"minecraft:oak_leaves":4,"minecraft:fern":7},"minecraft:used":{"minecraft:water_bucket":1,"minecraft:iron_shovel":204,"minecraft:oak_planks":96,"minecraft:wooden_pickaxe":29,"minecraft:leather_chestplate":1,"minecraft:stone_hoe":54,"minecraft:sand":55,"minecraft:dirt":108,"minecraft:crafting_table":1,"minecraft:mushroom_stew":2,"minecraft:oak_log":18,"quark:hollow_oak_log":6,"farmersdelight:tomato":1,"minecraft:apple":21,"minecraft:bread":4,"minecraft:iron_pickaxe":46,"minecraft:wooden_sword":60,"minecraft:stone_axe":117,"minecraft:oak_sapling":6,"minecraft:purple_bed":2,"minecraft:furnace":1,"minecraft:bucket":1,"tombstone:gift":1,"quark:oak_chest":5,"minecraft:potato":15},"minecraft:broken":{"minecraft:wooden_sword":1},"minecraft:picked_up":{"minecraft:birch_log":13,"minecraft:iron_chestplate":2,"minecraft:lilac":1,"minecraft:leather":6,"twigs:roseate_seashell":2,"minecraft:wooden_pickaxe":1,"quark:hollow_oak_log":8,"minecraft:potato":13,"minecraft:oak_log":74,"aether:leather_gloves":1,"minecraft:dirt":130,"farmersdelight:tomato":1,"minecraft:string":3,"minecraft:moss_carpet":2,"create:limestone":5,"minecraft:iron_leggings":1,"twigs:opaline_seashell":2,"minecraft:bone":1,"exposure:camera":2,"minecraft:apple":2,"minecraft:bow":2,"minecraft:wheat_seeds":9,"aquaculture:bluegill":3,"minecraft:iron_ingot":4,"minecraft:rose_bush":5,"aquaculture:minnow":4,"twigs:twig":19,"minecraft:birch_sapling":3,"minecraft:oak_planks":1,"minecraft:stick":2,"apotheosis:gem":10,"minecraft:dandelion":1,"aquaculture:perch":1,"minecraft:sand":75,"farmersdelight:tomato_seeds":8,"minecraft:cherry_log":12,"tombstone:grave_dust":1,"minecraft:ink_sac":1,"minecraft:spruce_log":13,"quark:oak_chest":2,"minecraft:purple_bed":2,"minecraft:arrow":2,"minecraft:rotten_flesh":3,"aquaculture:brown_trout":1,"minecraft:hay_block":2,"minecraft:chainmail_helmet":1,"aquaculture:carp":3,"minecraft:emerald":6,"minecraft:bread":8,"minecraft:obsidian":4,"minecraft:oak_sapling":21,"minecraft:skeleton_skull":3,"minecraft:cod":1,"minecraft:cobblestone":58,"minecraft:ender_pearl":2}},"DataVersion":3465}