{"stats":{"minecraft:broken":{"minecraft:iron_shovel":1,"minecraft:wooden_sword":1,"minecraft:stone_axe":1,"aether:leather_gloves":1},"minecraft:used":{"minecraft:oak_fence":3,"exposure:camera":2,"minecraft:trident":34,"minecraft:iron_shovel":380,"minecraft:stone_hoe":54,"minecraft:torch":15,"minecraft:dirt":287,"minecraft:spruce_stairs":3,"quark:limestone":18,"alexsmobs:maggot":1,"farmersdelight:tomato":1,"minecraft:iron_axe":46,"minecraft:sweet_berries":67,"minecraft:furnace":2,"minecraft:oak_sapling":13,"exposure:photograph":1,"tombstone:gift":4,"minecraft:potato":27,"minecraft:water_bucket":2,"minecraft:oak_planks":248,"minecraft:leather_chestplate":1,"minecraft:wooden_pickaxe":29,"minecraft:sand":55,"minecraft:crafting_table":3,"minecraft:mushroom_stew":2,"minecraft:oak_log":25,"quark:hollow_oak_log":6,"minecraft:apple":21,"minecraft:bread":4,"minecraft:iron_pickaxe":84,"exposure:lightroom":1,"quark:polished_limestone":4,"minecraft:stone_axe":127,"minecraft:wooden_sword":60,"minecraft:purple_bed":4,"minecraft:bucket":3,"quark:oak_chest":9,"minecraft:bone_meal":3},"minecraft:custom":{"lootr:looted_stat":24,"minecraft:mob_kills":42,"exposure:flashes_triggered":10,"exposure:interact_with_lightroom":2,"minecraft:interact_with_crafting_table":41,"minecraft:damage_dealt_resisted":14,"minecraft:leave_game":5,"minecraft:time_since_death":98370,"minecraft:climb_one_cm":1887,"minecraft:sprint_one_cm":461289,"minecraft:walk_one_cm":611784,"minecraft:drop":24,"minecraft:talked_to_villager":2,"minecraft:play_time":237054,"minecraft:deaths":3,"minecraft:sneak_time":3394,"minecraft:walk_under_water_one_cm":34096,"minecraft:jump":3190,"minecraft:interact_with_blast_furnace":2,"minecraft:walk_on_water_one_cm":17904,"minecraft:total_world_time":237054,"minecraft:interact_with_furnace":9,"exposure:film_frames_exposed":10,"minecraft:sleep_in_bed":14,"minecraft:time_since_rest":9959,"minecraft:damage_taken":2007,"minecraft:trigger_trapped_chest":1,"minecraft:damage_dealt":5004,"minecraft:swim_one_cm":106005,"minecraft:fly_one_cm":786656,"minecraft:open_chest":83,"minecraft:crouch_one_cm":9676,"tombstone:undead_killed":15,"tombstone:villager_killed":1,"minecraft:fall_one_cm":76303},"minecraft:mined":{"minecraft:cherry_log":13,"biomesoplenty:bush":2,"minecraft:grass_block":264,"twigs:twig":1,"minecraft:spruce_leaves":19,"minecraft:hay_block":2,"quark:polished_limestone":4,"minecraft:moss_carpet":2,"minecraft:peony":4,"minecraft:potatoes":5,"minecraft:red_tulip":4,"minecraft:vine":3,"minecraft:dirt_path":1,"quark:limestone":31,"minecraft:pink_tulip":4,"minecraft:stone":62,"minecraft:white_tulip":5,"create:limestone":5,"twigs:opaline_seashell":1,"quark:oak_chest":1,"minecraft:torch":1,"twigs:roseate_seashell":1,"minecraft:rose_bush":6,"minecraft:tall_grass":9,"biomesoplenty:sprout":1,"farmersdelight:wild_tomatoes":8,"minecraft:oak_planks":7,"minecraft:skeleton_skull":1,"minecraft:purple_bed":2,"minecraft:birch_log":13,"minecraft:sweet_berry_bush":50,"minecraft:lilac":4,"minecraft:spruce_log":13,"minecraft:orange_tulip":2,"minecraft:grass":65,"minecraft:oak_log":122,"minecraft:sand":97,"minecraft:dirt":15,"quark:hollow_oak_log":7,"minecraft:oak_leaves":4,"minecraft:fern":11},"minecraft:killed_by":{"minecraft:player":1},"minecraft:picked_up":{"minecraft:iron_chestplate":3,"minecraft:lead":2,"twigs:roseate_seashell":3,"aquaculture:blackfish":3,"minecraft:wooden_pickaxe":2,"quark:hollow_oak_log":12,"minecraft:enchanted_book":12,"aether:leather_gloves":1,"minecraft:string":3,"minecraft:moss_carpet":2,"create:limestone":5,"minecraft:iron_leggings":1,"exposure:camera":2,"twigs:opaline_seashell":2,"exposure:lightroom":1,"minecraft:sea_pickle":6,"aquaculture:bluegill":5,"minecraft:white_tulip":10,"minecraft:rose_bush":6,"minecraft:birch_sapling":4,"farmersdelight:cabbage_seeds":1,"minecraft:stick":5,"apotheosis:gem":17,"exposure:photograph":1,"minecraft:torch":65,"aquaculture:perch":1,"farmersdelight:tomato_seeds":16,"minecraft:cherry_log":12,"tombstone:grave_dust":4,"minecraft:rotten_flesh":11,"minecraft:arrow":6,"aquaculture:brown_trout":2,"minecraft:hay_block":2,"minecraft:red_tulip":8,"aquaculture:carp":3,"minecraft:pink_tulip":6,"minecraft:gold_ingot":3,"minecraft:saddle":4,"minecraft:obsidian":4,"minecraft:iron_bars":5,"minecraft:cod":1,"minecraft:skeleton_skull":3,"minecraft:cobblestone":71,"minecraft:birch_log":39,"minecraft:leather_chestplate":1,"minecraft:lilac":5,"minecraft:leather":16,"minecraft:yellow_dye":1,"minecraft:potato":21,"minecraft:magenta_dye":1,"minecraft:oak_log":122,"quark:limestone":30,"farmersdelight:tomato":1,"minecraft:dirt":331,"minecraft:name_tag":2,"minecraft:leather_boots":1,"minecraft:bone":2,"minecraft:apple":4,"minecraft:bow":4,"minecraft:wheat_seeds":33,"minecraft:orange_tulip":4,"minecraft:iron_ingot":7,"aquaculture:minnow":7,"twigs:twig":43,"minecraft:stone_hoe":1,"minecraft:oak_planks":15,"aquaculture:jellyfish":3,"minecraft:sweet_berries":142,"minecraft:dandelion":1,"exposure:developed_black_and_white_film":1,"minecraft:sand":104,"aquaculture:red_grouper":1,"minecraft:spruce_sapling":1,"minecraft:ink_sac":1,"minecraft:lily_of_the_valley":1,"minecraft:spruce_log":13,"quark:oak_chest":2,"minecraft:purple_bed":4,"minecraft:diamond":2,"quark:polished_limestone":4,"minecraft:chainmail_helmet":2,"minecraft:bread":14,"minecraft:emerald":23,"minecraft:cyan_dye":1,"alexsmobs:maggot":1,"minecraft:oak_sapling":31,"minecraft:ender_pearl":4},"minecraft:dropped":{"minecraft:enchanted_book":1,"minecraft:bread":2,"minecraft:lilac":1,"aquaculture:brown_trout":1,"minecraft:apple":3,"minecraft:stick":3,"tombstone:grave_dust":1,"twigs:twig":1,"minecraft:dandelion":1,"minecraft:sweet_berries":4,"twigs:roseate_seashell":1,"aether:leather_gloves":1,"minecraft:pumpkin_seeds":2,"minecraft:leather_chestplate":1,"minecraft:potato":1,"minecraft:skeleton_skull":1,"minecraft:arrow":2,"minecraft:bow":1},"minecraft:killed":{"aquaculture:blackfish":3,"aquaculture:bluegill":2,"aquaculture:red_grouper":1,"minecraft:spider":3,"minecraft:cod":1,"minecraft:skeleton":3,"aquaculture:brown_trout":1,"aquaculture:perch":1,"aquaculture:carp":3,"minecraft:wandering_trader":1,"aquaculture:jellyfish":3,"minecraft:trader_llama":2,"aquaculture:minnow":3,"minecraft:zombie":12,"alexsmobs:fly":2},"minecraft:crafted":{"minecraft:cherry_planks":12,"minecraft:wooden_sword":1,"minecraft:oak_planks":388,"minecraft:leather_boots":1,"minecraft:furnace":2,"minecraft:bone_meal":3,"minecraft:glass":2,"minecraft:spruce_stairs":4,"minecraft:iron_axe":1,"quark:polished_limestone":4,"minecraft:stone_pickaxe":1,"minecraft:oak_fence":3,"minecraft:stone_hoe":1,"minecraft:wheat":18,"minecraft:crafting_table":4,"minecraft:spruce_planks":12,"minecraft:wooden_pickaxe":2,"minecraft:bucket":1,"minecraft:stone_axe":2,"minecraft:bread":6,"minecraft:air":0,"minecraft:stick":20,"quark:oak_chest":7}},"DataVersion":3465}