{"stats":{"minecraft:picked_up":{"minecraft:crafting_table":2,"minecraft:flower_pot":2,"minecraft:wooden_pickaxe":1,"aether:iron_gloves":1,"minecraft:smoker":1,"minecraft:oak_log":9,"minecraft:gunpowder":2,"minecraft:cobblestone_wall":9,"minecraft:dirt":1,"minecraft:cornflower":1,"minecraft:leather_boots":1,"minecraft:item_frame":6,"minecraft:bone":2,"minecraft:apple":3,"minecraft:stone_bricks":26,"minecraft:cobbled_deepslate":1,"minecraft:raw_gold":4,"minecraft:spruce_planks":7,"minecraft:stone_pickaxe":2,"minecraft:spruce_slab":20,"twigs:twig":2,"minecraft:sugar_cane":2,"minecraft:spruce_trapdoor":20,"minecraft:furnace":1,"minecraft:book":36,"minecraft:oak_slab":2,"minecraft:raw_iron":50,"minecraft:sandstone":34,"apotheosis:gem":8,"minecraft:torch":2,"minecraft:porkchop":16,"minecraft:sand":33,"farmersdelight:tomato_seeds":1,"minecraft:lily_of_the_valley":1,"minecraft:trapped_chest":2,"minecraft:tnt":5,"minecraft:arrow":2,"minecraft:rotten_flesh":1,"minecraft:oak_sapling":2,"minecraft:mutton":10,"minecraft:coal":50,"minecraft:white_wool":11,"minecraft:cobblestone":21},"minecraft:crafted":{"minecraft:oak_planks":16,"minecraft:cooked_porkchop":13,"minecraft:crafting_table":1,"minecraft:wooden_pickaxe":1,"minecraft:baked_potato":6,"minecraft:iron_helmet":1,"minecraft:iron_sword":1,"minecraft:furnace":1,"minecraft:air":0,"minecraft:iron_boots":1,"minecraft:iron_chestplate":1,"minecraft:stick":8,"minecraft:iron_ingot":31,"minecraft:iron_pickaxe":1,"minecraft:stone_pickaxe":1,"minecraft:chest":1,"minecraft:iron_leggings":1,"minecraft:white_bed":1,"minecraft:torch":4},"minecraft:custom":{"minecraft:interact_with_furnace":21,"lootr:looted_stat":9,"minecraft:mob_kills":22,"tombstone:raider_killed":1,"minecraft:interact_with_crafting_table":11,"minecraft:damage_dealt_resisted":0,"minecraft:leave_game":2,"minecraft:time_since_death":58453,"minecraft:sleep_in_bed":1,"minecraft:climb_one_cm":552,"minecraft:damage_resisted":0,"minecraft:time_since_rest":16562,"minecraft:sprint_one_cm":192281,"minecraft:damage_taken":903,"minecraft:walk_one_cm":91350,"minecraft:trigger_trapped_chest":1,"minecraft:drop":25,"minecraft:damage_dealt":3532,"minecraft:swim_one_cm":18883,"minecraft:fly_one_cm":522890,"minecraft:play_time":65421,"minecraft:crouch_one_cm":1570,"minecraft:sneak_time":1516,"minecraft:open_chest":6,"tombstone:undead_killed":3,"minecraft:deaths":1,"minecraft:walk_under_water_one_cm":1794,"minecraft:jump":1722,"minecraft:walk_on_water_one_cm":2177,"minecraft:total_world_time":65421,"minecraft:interact_with_smoker":1,"minecraft:fall_one_cm":60082},"minecraft:dropped":{"minecraft:iron_ingot":8,"minecraft:cobblestone_wall":9,"minecraft:oak_planks":1,"minecraft:apple":5,"minecraft:item_frame":6,"minecraft:lily_of_the_valley":1,"aether:iron_gloves":1,"minecraft:spruce_trapdoor":21,"minecraft:cornflower":1,"minecraft:iron_chestplate":1,"minecraft:oak_sapling":1,"minecraft:iron_leggings":1,"farmersdelight:onion":2,"minecraft:spruce_slab":20,"minecraft:stone_pickaxe":3,"minecraft:wooden_pickaxe":1,"minecraft:white_wool":4},"minecraft:killed":{"minecraft:pig":8,"minecraft:witch":1,"minecraft:spider":2,"minecraft:sheep":8,"minecraft:zombie":3},"minecraft:mined":{"minecraft:oak_slab":2,"minecraft:spruce_planks":1,"minecraft:smoker":1,"minecraft:crafting_table":2,"minecraft:torch":1,"minecraft:grass_block":1,"minecraft:sandstone":35,"minecraft:furnace":1,"minecraft:iron_ore":41,"minecraft:tnt":5,"minecraft:bookshelf":1,"minecraft:oak_log":9,"minecraft:coal_ore":28,"minecraft:deepslate_iron_ore":9,"minecraft:sand":31,"minecraft:stone_bricks":2,"minecraft:stone":21,"minecraft:gold_ore":4,"minecraft:oak_leaves":7,"minecraft:deepslate":1},"minecraft:used":{"minecraft:stone_pickaxe":62,"minecraft:baked_potato":6,"minecraft:chest":1,"minecraft:wooden_pickaxe":19,"minecraft:iron_sword":91,"minecraft:torch":4,"minecraft:iron_chestplate":1,"minecraft:dirt":1,"minecraft:oak_slab":2,"minecraft:crafting_table":3,"minecraft:white_bed":1,"minecraft:smoker":1,"minecraft:apple":2,"minecraft:bread":4,"minecraft:iron_pickaxe":94,"minecraft:iron_helmet":1,"minecraft:stone_bricks":11,"minecraft:furnace":1,"minecraft:cooked_porkchop":3,"minecraft:potato":1}},"DataVersion":3465}