{"stats":{"minecraft:picked_up":{"minecraft:iron_chestplate":1,"minecraft:crafting_table":1,"minecraft:smoker":1,"minecraft:oak_log":15,"minecraft:gunpowder":1,"minecraft:red_bed":1,"minecraft:string":1,"minecraft:iron_leggings":1,"minecraft:cooked_mutton":1,"minecraft:bone":5,"minecraft:apple":2,"minecraft:stone_bricks":6,"minecraft:bow":1,"minecraft:wheat_seeds":15,"minecraft:iron_ingot":8,"minecraft:bamboo":48,"minecraft:light_gray_wool":1,"minecraft:furnace":2,"minecraft:raw_iron":1,"apotheosis:gem":4,"minecraft:pumpkin":3,"minecraft:torch":2,"twigs:bamboo_leaves":9,"twigs:bronzed_seashell":1,"tombstone:grave_dust":2,"minecraft:diorite":3,"minecraft:trapped_chest":1,"minecraft:spider_eye":1,"minecraft:arrow":2,"minecraft:chainmail_leggings":1,"artifacts:running_shoes":1,"minecraft:oak_sapling":2,"minecraft:black_wool":1,"minecraft:mutton":7,"minecraft:coal":105,"minecraft:sunflower":1,"minecraft:white_wool":4,"minecraft:cobblestone":56,"minecraft:oxeye_daisy":1},"minecraft:dropped":{"twigs:bronzed_seashell":1,"minecraft:wooden_pickaxe":1},"minecraft:crafted":{"minecraft:oak_planks":44,"minecraft:crafting_table":1,"minecraft:wooden_pickaxe":1,"minecraft:iron_sword":1,"minecraft:furnace":1,"minecraft:cooked_mutton":7,"minecraft:air":0,"minecraft:shield":1,"minecraft:iron_axe":1,"minecraft:stick":12,"quark:oak_chest":3,"minecraft:iron_ingot":1,"minecraft:iron_pickaxe":1,"minecraft:torch":8},"minecraft:custom":{"lootr:looted_stat":2,"minecraft:interact_with_furnace":31,"minecraft:mob_kills":12,"minecraft:interact_with_crafting_table":10,"minecraft:damage_dealt_resisted":36,"minecraft:leave_game":2,"minecraft:time_since_death":33869,"minecraft:sleep_in_bed":2,"minecraft:climb_one_cm":483,"minecraft:damage_resisted":0,"minecraft:time_since_rest":3718,"minecraft:sprint_one_cm":106161,"minecraft:damage_taken":79,"minecraft:walk_one_cm":103718,"minecraft:damage_blocked_by_shield":30,"minecraft:trigger_trapped_chest":3,"minecraft:drop":2,"minecraft:damage_dealt":1950,"minecraft:talked_to_villager":1,"minecraft:fly_one_cm":167830,"minecraft:open_chest":37,"minecraft:crouch_one_cm":2351,"minecraft:play_time":33869,"tombstone:undead_killed":3,"minecraft:sneak_time":901,"minecraft:jump":661,"minecraft:interact_with_smoker":2,"minecraft:total_world_time":33869,"minecraft:fall_one_cm":10754},"minecraft:killed":{"minecraft:creeper":1,"minecraft:sheep":6,"minecraft:skeleton":3,"alexsmobs:fly":1,"artifacts:mimic":1},"minecraft:mined":{"minecraft:red_bed":1,"minecraft:smoker":1,"minecraft:crafting_table":1,"minecraft:torch":1,"minecraft:tall_grass":11,"minecraft:diorite":3,"minecraft:oxeye_daisy":1,"minecraft:trapped_chest":1,"minecraft:furnace":2,"minecraft:iron_ore":1,"minecraft:pumpkin":4,"twigs:bronzed_seashell":1,"minecraft:grass":139,"minecraft:oak_log":15,"minecraft:coal_ore":72,"minecraft:sunflower":1,"minecraft:bamboo":4,"minecraft:stone":57,"minecraft:stone_bricks":6,"minecraft:oak_leaves":4},"minecraft:used":{"minecraft:cooked_mutton":5,"minecraft:diorite":3,"minecraft:wooden_pickaxe":41,"minecraft:shield":1,"minecraft:iron_sword":42,"minecraft:iron_chestplate":1,"minecraft:white_wool":1,"minecraft:torch":10,"minecraft:crafting_table":2,"minecraft:red_bed":1,"minecraft:smoker":1,"minecraft:iron_axe":19,"minecraft:iron_pickaxe":103,"minecraft:cobblestone":5,"minecraft:furnace":3,"quark:oak_chest":3,"minecraft:trapped_chest":3}},"DataVersion":3465}