{"stats":{"minecraft:killed":{"minecraft:spider":1,"minecraft:sheep":1,"minecraft:skeleton":1,"minecraft:zombie":3,"minecraft:cow":3},"minecraft:dropped":{"minecraft:bread":5,"minecraft:stone_axe":1,"minecraft:stone_sword":1,"minecraft:stripped_birch_wood":1,"minecraft:iron_helmet":1,"minecraft:white_carpet":1,"minecraft:rotten_flesh":6,"minecraft:prismarine_crystals":4,"aether:leather_gloves":1,"minecraft:iron_boots":5,"minecraft:leather":3,"sophisticatedbackpacks:backpack":1,"minecraft:chainmail_helmet":1,"minecraft:leather_helmet":3,"patchouli:guide_book":1,"minecraft:red_carpet":1,"minecraft:leather_chestplate":2,"minecraft:iron_chestplate":4,"minecraft:leather_boots":3,"minecraft:map":8,"tombstone:grave_dust":2,"minecraft:iron_leggings":2,"minecraft:leather_leggings":3,"minecraft:dried_kelp":9,"minecraft:stone_bricks":1,"minecraft:iron_bars":2,"minecraft:chainmail_leggings":2,"minecraft:paper":12,"minecraft:white_wool":4,"minecraft:armor_stand":8},"minecraft:crafted":{"minecraft:cherry_planks":24,"minecraft:oak_planks":12,"sophisticatedbackpacks:backpack":1,"minecraft:iron_sword":1,"minecraft:bucket":1,"minecraft:stone_axe":1,"minecraft:stick":28,"quark:oak_chest":1,"minecraft:stone_pickaxe":2,"minecraft:iron_pickaxe":1,"minecraft:stone_sword":1,"minecraft:torch":32},"minecraft:custom":{"minecraft:interact_with_furnace":12,"lootr:looted_stat":30,"minecraft:mob_kills":9,"minecraft:interact_with_crafting_table":14,"minecraft:damage_dealt_resisted":0,"minecraft:leave_game":3,"minecraft:time_since_death":59326,"minecraft:sleep_in_bed":1,"minecraft:climb_one_cm":4910,"minecraft:damage_resisted":0,"minecraft:time_since_rest":19980,"minecraft:sprint_one_cm":211076,"minecraft:damage_taken":1140,"minecraft:walk_one_cm":254803,"minecraft:damage_blocked_by_shield":95,"minecraft:trigger_trapped_chest":9,"minecraft:drop":53,"minecraft:damage_dealt":2107,"minecraft:swim_one_cm":21577,"minecraft:fly_one_cm":359114,"minecraft:talked_to_villager":1,"minecraft:open_chest":24,"minecraft:crouch_one_cm":1921,"minecraft:play_time":93226,"tombstone:undead_killed":4,"minecraft:deaths":2,"minecraft:sneak_time":1103,"minecraft:walk_under_water_one_cm":20996,"minecraft:jump":1439,"minecraft:interact_with_blast_furnace":1,"minecraft:interact_with_smoker":3,"minecraft:walk_on_water_one_cm":11037,"minecraft:total_world_time":93226,"minecraft:fall_one_cm":33927},"minecraft:mined":{"minecraft:white_bed":1,"minecraft:cherry_log":6,"minecraft:granite":6,"minecraft:cobblestone":2,"minecraft:spruce_leaves":1,"minecraft:lapis_ore":4,"minecraft:sandstone":3,"minecraft:lilac":1,"minecraft:white_carpet":1,"minecraft:andesite":6,"minecraft:grass":2,"minecraft:oak_log":3,"minecraft:coal_ore":6,"minecraft:vine":1,"minecraft:iron_bars":5,"minecraft:sand":5,"minecraft:stripped_birch_wood":1,"minecraft:cobweb":30,"minecraft:stone_bricks":1,"minecraft:stone":113,"minecraft:tripwire":1,"minecraft:white_wool":3,"minecraft:oak_leaves":6},"minecraft:used":{"minecraft:water_bucket":11,"minecraft:stone_sword":15,"minecraft:stone_pickaxe":137,"minecraft:oak_planks":4,"minecraft:shield":3,"minecraft:sandstone":3,"minecraft:iron_sword":114,"minecraft:torch":11,"minecraft:carrot":3,"minecraft:white_bed":1,"minecraft:apple":5,"minecraft:bread":15,"minecraft:string":1,"minecraft:iron_pickaxe":11,"minecraft:cobblestone":16,"supplementaries:ash":1,"minecraft:bucket":12,"tombstone:gift":2,"alexsmobs:animal_dictionary":1,"minecraft:chainmail_leggings":1,"minecraft:experience_bottle":1},"minecraft:picked_up":{"minecraft:iron_chestplate":4,"minecraft:leather_chestplate":2,"farmersdelight:rice":2,"artifacts:digging_claws":1,"minecraft:andesite":6,"minecraft:leather_leggings":3,"minecraft:leather":5,"spelunkers_charm:old_miners_bundle":1,"minecraft:oak_log":3,"aether:leather_gloves":1,"minecraft:lapis_lazuli":28,"minecraft:name_tag":1,"minecraft:string":33,"minecraft:bone":2,"minecraft:iron_leggings":3,"minecraft:leather_boots":3,"minecraft:armor_stand":20,"minecraft:white_carpet":1,"minecraft:red_carpet":1,"minecraft:experience_bottle":1,"minecraft:stone_bricks":1,"minecraft:bow":1,"minecraft:iron_boots":5,"minecraft:sandstone":3,"apotheosis:gem":2,"minecraft:torch":6,"sophisticatedbackpacks:backpack":1,"minecraft:sand":5,"minecraft:cherry_log":6,"tombstone:grave_dust":1,"minecraft:white_bed":1,"minecraft:leather_helmet":3,"minecraft:diamond":1,"minecraft:arrow":4,"minecraft:rotten_flesh":7,"minecraft:beetroot_seeds":4,"farmersdelight:rope":14,"minecraft:rail":8,"minecraft:iron_helmet":2,"minecraft:granite":6,"minecraft:bread":1,"supplementaries:ash":1,"minecraft:stripped_birch_wood":1,"minecraft:iron_bars":6,"minecraft:coal":6,"minecraft:white_wool":4,"minecraft:cobblestone":114},"minecraft:broken":{"minecraft:stone_pickaxe":1}},"DataVersion":3465}