{"stats":{"minecraft:used":{"minecraft:water_bucket":8,"minecraft:stone_sword":15,"minecraft:stone_pickaxe":137,"minecraft:oak_planks":4,"minecraft:shield":2,"minecraft:iron_sword":106,"minecraft:carrot":3,"minecraft:apple":2,"minecraft:bread":9,"minecraft:iron_pickaxe":6,"minecraft:cobblestone":14,"minecraft:bucket":9,"tombstone:gift":2,"alexsmobs:animal_dictionary":1,"minecraft:experience_bottle":1,"minecraft:chainmail_leggings":1},"minecraft:broken":{"minecraft:stone_pickaxe":1},"minecraft:custom":{"lootr:looted_stat":25,"minecraft:interact_with_furnace":2,"minecraft:mob_kills":8,"minecraft:interact_with_crafting_table":14,"minecraft:damage_dealt_resisted":0,"minecraft:leave_game":1,"minecraft:time_since_death":24148,"minecraft:climb_one_cm":817,"minecraft:damage_resisted":0,"minecraft:time_since_rest":22548,"minecraft:sprint_one_cm":128811,"minecraft:damage_taken":1067,"minecraft:walk_one_cm":200180,"minecraft:damage_blocked_by_shield":60,"minecraft:trigger_trapped_chest":7,"minecraft:drop":52,"minecraft:damage_dealt":1880,"minecraft:swim_one_cm":21577,"minecraft:talked_to_villager":1,"minecraft:fly_one_cm":204733,"minecraft:open_chest":15,"minecraft:crouch_one_cm":1255,"minecraft:play_time":58048,"tombstone:undead_killed":3,"minecraft:deaths":2,"minecraft:sneak_time":464,"minecraft:walk_under_water_one_cm":5855,"minecraft:jump":944,"minecraft:walk_on_water_one_cm":6266,"minecraft:total_world_time":58048,"minecraft:fall_one_cm":19066},"minecraft:mined":{"minecraft:white_bed":1,"minecraft:cherry_log":6,"minecraft:granite":6,"minecraft:lapis_ore":4,"minecraft:white_carpet":1,"minecraft:andesite":6,"minecraft:grass":2,"minecraft:coal_ore":6,"minecraft:oak_log":2,"minecraft:iron_bars":5,"minecraft:cobweb":30,"minecraft:stripped_birch_wood":1,"minecraft:stone_bricks":1,"minecraft:stone":113,"minecraft:white_wool":3,"minecraft:oak_leaves":6},"minecraft:picked_up":{"minecraft:iron_chestplate":4,"minecraft:leather_chestplate":2,"minecraft:andesite":6,"minecraft:leather_leggings":3,"minecraft:leather":5,"minecraft:oak_log":2,"aether:leather_gloves":1,"minecraft:lapis_lazuli":28,"minecraft:string":32,"minecraft:red_carpet":1,"minecraft:iron_leggings":3,"minecraft:leather_boots":3,"minecraft:armor_stand":20,"minecraft:white_carpet":1,"minecraft:bone":1,"minecraft:experience_bottle":1,"minecraft:stone_bricks":1,"minecraft:bow":1,"minecraft:iron_boots":5,"apotheosis:gem":2,"sophisticatedbackpacks:backpack":1,"minecraft:cherry_log":6,"tombstone:grave_dust":1,"minecraft:white_bed":1,"minecraft:leather_helmet":3,"minecraft:arrow":2,"minecraft:rotten_flesh":6,"minecraft:iron_helmet":2,"minecraft:granite":6,"supplementaries:ash":1,"minecraft:iron_bars":6,"minecraft:stripped_birch_wood":1,"minecraft:cobblestone":112,"minecraft:coal":6,"minecraft:white_wool":4},"minecraft:dropped":{"minecraft:bread":5,"minecraft:stone_axe":1,"minecraft:stone_sword":1,"minecraft:stripped_birch_wood":1,"minecraft:iron_helmet":1,"minecraft:prismarine_crystals":4,"minecraft:white_carpet":1,"minecraft:rotten_flesh":6,"aether:leather_gloves":1,"minecraft:iron_boots":5,"minecraft:leather":3,"sophisticatedbackpacks:backpack":1,"minecraft:chainmail_helmet":1,"minecraft:leather_helmet":3,"patchouli:guide_book":1,"minecraft:red_carpet":1,"minecraft:leather_chestplate":2,"minecraft:iron_chestplate":3,"minecraft:leather_boots":3,"minecraft:map":8,"minecraft:iron_leggings":2,"tombstone:grave_dust":2,"minecraft:leather_leggings":3,"minecraft:dried_kelp":9,"minecraft:stone_bricks":1,"minecraft:iron_bars":2,"minecraft:paper":12,"minecraft:chainmail_leggings":2,"minecraft:white_wool":4,"minecraft:armor_stand":8},"minecraft:killed":{"minecraft:spider":1,"minecraft:sheep":1,"minecraft:skeleton":1,"minecraft:zombie":2,"minecraft:cow":3},"minecraft:crafted":{"minecraft:cherry_planks":24,"minecraft:oak_planks":8,"sophisticatedbackpacks:backpack":1,"minecraft:iron_sword":1,"minecraft:bucket":1,"minecraft:stone_axe":1,"minecraft:stick":20,"quark:oak_chest":1,"minecraft:stone_pickaxe":2,"minecraft:iron_pickaxe":1,"minecraft:stone_sword":1}},"DataVersion":3465}