{"stats":{"minecraft:killed":{"minecraft:zombified_piglin":1,"minecraft:sheep":1,"minecraft:skeleton":2,"minecraft:zombie":3},"minecraft:dropped":{"minecraft:iron_sword":2,"minecraft:leather_boots":2},"minecraft:crafted":{"minecraft:cooked_mutton":2,"farmersdelight:fried_egg":1},"minecraft:custom":{"minecraft:interact_with_furnace":3,"lootr:looted_stat":3,"minecraft:mob_kills":8,"exposure:interact_with_lightroom":1,"minecraft:interact_with_crafting_table":5,"minecraft:interact_with_cartography_table":1,"minecraft:pot_flower":2,"minecraft:damage_dealt_resisted":0,"minecraft:leave_game":3,"minecraft:time_since_death":99,"minecraft:sleep_in_bed":10,"minecraft:climb_one_cm":2002,"minecraft:damage_resisted":0,"minecraft:time_since_rest":1,"minecraft:sprint_one_cm":477329,"minecraft:damage_taken":1427,"minecraft:walk_one_cm":433934,"minecraft:trigger_trapped_chest":3,"minecraft:drop":4,"minecraft:damage_dealt":2067,"minecraft:swim_one_cm":2338,"minecraft:talked_to_villager":2,"minecraft:player_kills":1,"minecraft:fly_one_cm":74009,"minecraft:open_chest":33,"minecraft:crouch_one_cm":15194,"minecraft:play_time":116120,"minecraft:deaths":2,"tombstone:undead_killed":6,"minecraft:sneak_time":2752,"minecraft:walk_under_water_one_cm":4376,"minecraft:jump":1093,"minecraft:walk_on_water_one_cm":7319,"minecraft:interact_with_smoker":5,"minecraft:total_world_time":116120,"minecraft:fall_one_cm":19561},"minecraft:mined":{"minecraft:blue_carpet":2,"minecraft:potted_pink_tulip":1,"minecraft:acacia_leaves":2,"minecraft:glass_pane":3,"minecraft:cherry_planks":1,"quark:cherry_chest":2,"minecraft:light_blue_carpet":6,"minecraft:oak_fence":1,"minecraft:granite":1,"minecraft:grass_block":1,"minecraft:white_stained_glass_pane":1,"minecraft:white_stained_glass":6,"minecraft:tall_grass":2,"minecraft:cobblestone":5,"minecraft:wall_torch":2,"minecraft:smooth_stone":11,"minecraft:white_carpet":1,"minecraft:andesite":1,"minecraft:black_bed":4,"minecraft:peony":10,"minecraft:grass":5,"minecraft:lantern":3,"minecraft:stone_bricks":1,"minecraft:stone":19,"minecraft:netherrack":5,"minecraft:potted_allium":1},"minecraft:used":{"minecraft:light_blue_carpet":6,"minecraft:cooked_mutton":1,"minecraft:baked_potato":3,"minecraft:iron_sword":32,"minecraft:cookie":10,"minecraft:golden_apple":1,"minecraft:glow_berries":3,"quark:cherry_chest":2,"minecraft:white_carpet":1,"minecraft:black_bed":5,"minecraft:granite":1,"minecraft:flower_pot":2,"minecraft:apple":7,"minecraft:lantern":4,"minecraft:bread":11,"minecraft:iron_pickaxe":69,"minecraft:item_frame":2,"minecraft:blue_carpet":2,"minecraft:cobblestone":8,"tombstone:gift":2,"minecraft:smooth_stone":4,"minecraft:golden_pickaxe":21},"minecraft:picked_up":{"minecraft:pink_petals":1,"minecraft:iron_chestplate":1,"minecraft:allium":1,"farmersdelight:rice":4,"minecraft:cherry_planks":1,"minecraft:flower_pot":2,"minecraft:andesite":1,"minecraft:black_bed":5,"minecraft:leather":2,"spelunkers_charm:old_miners_bundle":1,"minecraft:lapis_lazuli":8,"minecraft:dirt":2,"minecraft:lantern":4,"minecraft:iron_leggings":1,"minecraft:leather_boots":2,"minecraft:item_frame":2,"minecraft:white_carpet":1,"minecraft:bone":2,"minecraft:activator_rail":4,"minecraft:smooth_stone":11,"twigs:pebble":1,"minecraft:iron_pickaxe":1,"alexsmobs:raccoon_tail":1,"minecraft:iron_sword":2,"farmersdelight:cabbage_seeds":2,"minecraft:iron_boots":1,"minecraft:egg":1,"quark:white_shard":23,"minecraft:oak_fence":1,"quark:cherry_chest":2,"minecraft:torch":15,"minecraft:blue_carpet":2,"minecraft:pumpkin_seeds":3,"minecraft:arrow":1,"minecraft:rotten_flesh":1,"minecraft:peony":10,"minecraft:light_blue_carpet":6,"minecraft:iron_helmet":1,"minecraft:granite":1,"supplementaries:ash":3,"farmersdelight:rope":9,"minecraft:pink_tulip":1,"minecraft:golden_apple":1,"minecraft:baked_potato":3,"minecraft:bread":5,"sophisticatedbackpacks:copper_backpack":1,"minecraft:oak_sapling":2,"minecraft:netherrack":2,"minecraft:mutton":2,"minecraft:white_wool":1,"minecraft:cobblestone":22}},"DataVersion":3465}