{"stats":{"minecraft:used":{"minecraft:light_blue_carpet":6,"minecraft:baked_potato":3,"minecraft:iron_sword":27,"minecraft:cookie":10,"minecraft:golden_apple":1,"quark:cherry_chest":2,"minecraft:white_carpet":1,"minecraft:black_bed":5,"minecraft:granite":1,"minecraft:flower_pot":2,"minecraft:apple":6,"minecraft:lantern":4,"minecraft:bread":11,"minecraft:iron_pickaxe":69,"minecraft:item_frame":2,"minecraft:blue_carpet":2,"minecraft:cobblestone":8,"minecraft:smooth_stone":4,"minecraft:golden_pickaxe":10},"minecraft:custom":{"minecraft:interact_with_furnace":3,"lootr:looted_stat":3,"minecraft:mob_kills":7,"minecraft:interact_with_cartography_table":1,"minecraft:interact_with_crafting_table":2,"minecraft:pot_flower":2,"minecraft:damage_dealt_resisted":0,"minecraft:leave_game":1,"minecraft:time_since_death":85116,"minecraft:sleep_in_bed":7,"minecraft:climb_one_cm":1768,"minecraft:damage_resisted":0,"minecraft:time_since_rest":4341,"minecraft:sprint_one_cm":371248,"minecraft:damage_taken":796,"minecraft:walk_one_cm":357452,"minecraft:trigger_trapped_chest":2,"minecraft:drop":2,"minecraft:damage_dealt":1733,"minecraft:swim_one_cm":2338,"minecraft:talked_to_villager":2,"minecraft:player_kills":1,"minecraft:fly_one_cm":59936,"minecraft:open_chest":17,"minecraft:crouch_one_cm":1426,"minecraft:play_time":85116,"tombstone:undead_killed":5,"minecraft:sneak_time":263,"minecraft:walk_under_water_one_cm":4120,"minecraft:jump":879,"minecraft:walk_on_water_one_cm":7065,"minecraft:total_world_time":85116,"minecraft:interact_with_smoker":2,"minecraft:fall_one_cm":12393},"minecraft:mined":{"minecraft:blue_carpet":2,"minecraft:potted_pink_tulip":1,"minecraft:acacia_leaves":2,"minecraft:glass_pane":3,"minecraft:cherry_planks":1,"quark:cherry_chest":2,"minecraft:light_blue_carpet":6,"minecraft:oak_fence":1,"minecraft:granite":1,"minecraft:grass_block":1,"minecraft:white_stained_glass_pane":1,"minecraft:white_stained_glass":6,"minecraft:tall_grass":2,"minecraft:cobblestone":5,"minecraft:wall_torch":2,"minecraft:smooth_stone":11,"minecraft:white_carpet":1,"minecraft:andesite":1,"minecraft:black_bed":4,"minecraft:grass":3,"minecraft:lantern":3,"minecraft:netherrack":5,"minecraft:stone":19,"minecraft:stone_bricks":1,"minecraft:potted_allium":1},"minecraft:picked_up":{"minecraft:pink_petals":1,"minecraft:iron_chestplate":1,"minecraft:allium":1,"farmersdelight:rice":4,"minecraft:cherry_planks":1,"minecraft:flower_pot":2,"minecraft:black_bed":5,"minecraft:andesite":1,"minecraft:leather":2,"spelunkers_charm:old_miners_bundle":1,"minecraft:lapis_lazuli":8,"minecraft:dirt":2,"minecraft:lantern":4,"minecraft:iron_leggings":1,"minecraft:leather_boots":2,"minecraft:item_frame":2,"minecraft:white_carpet":1,"minecraft:bone":2,"minecraft:activator_rail":4,"minecraft:smooth_stone":11,"twigs:pebble":1,"minecraft:iron_pickaxe":1,"alexsmobs:raccoon_tail":1,"farmersdelight:cabbage_seeds":2,"minecraft:iron_boots":1,"minecraft:egg":1,"quark:white_shard":23,"minecraft:oak_fence":1,"quark:cherry_chest":2,"minecraft:torch":15,"minecraft:blue_carpet":2,"minecraft:pumpkin_seeds":3,"minecraft:arrow":1,"minecraft:rotten_flesh":1,"minecraft:light_blue_carpet":6,"minecraft:iron_helmet":1,"minecraft:granite":1,"farmersdelight:rope":9,"minecraft:pink_tulip":1,"minecraft:golden_apple":1,"minecraft:bread":5,"sophisticatedbackpacks:copper_backpack":1,"minecraft:baked_potato":3,"minecraft:oak_sapling":1,"minecraft:netherrack":2,"minecraft:mutton":2,"minecraft:white_wool":1,"minecraft:cobblestone":22},"minecraft:dropped":{"minecraft:leather_boots":2},"minecraft:killed":{"minecraft:sheep":1,"minecraft:skeleton":2,"minecraft:zombie":3}},"DataVersion":3465}