{"stats":{"minecraft:used":{"minecraft:stone_pickaxe":61,"minecraft:oak_planks":13,"minecraft:wooden_pickaxe":39,"minecraft:torch":6,"minecraft:dirt":1,"minecraft:crafting_table":7,"minecraft:wooden_axe":13,"minecraft:iron_helmet":1,"minecraft:iron_boots":1,"minecraft:stone_axe":73,"minecraft:beef":1,"minecraft:oak_sapling":3,"minecraft:furnace":7,"minecraft:cooked_porkchop":2,"tombstone:gift":2,"minecraft:cooked_beef":13},"minecraft:custom":{"minecraft:interact_with_furnace":21,"lootr:looted_stat":2,"minecraft:mob_kills":25,"minecraft:interact_with_crafting_table":12,"minecraft:damage_dealt_resisted":0,"minecraft:leave_game":1,"minecraft:time_since_death":1689,"minecraft:climb_one_cm":348,"minecraft:time_since_rest":1,"minecraft:sprint_one_cm":123061,"minecraft:damage_taken":1929,"minecraft:walk_one_cm":143044,"minecraft:drop":10,"minecraft:damage_dealt":4558,"minecraft:swim_one_cm":13252,"minecraft:fly_one_cm":310553,"minecraft:crouch_one_cm":283,"minecraft:play_time":75596,"tombstone:undead_killed":8,"minecraft:deaths":3,"minecraft:sneak_time":385,"minecraft:walk_under_water_one_cm":3785,"minecraft:jump":1757,"minecraft:interact_with_blast_furnace":1,"minecraft:walk_on_water_one_cm":19941,"minecraft:total_world_time":75596,"minecraft:fall_one_cm":56904},"minecraft:mined":{"minecraft:crafting_table":6,"minecraft:granite":1,"biomesoplenty:bush":5,"minecraft:allium":3,"minecraft:grass_block":1,"minecraft:diorite":3,"minecraft:wall_torch":3,"minecraft:furnace":6,"minecraft:iron_ore":12,"spelunkers_charm:deepslate_rock_pile_2":1,"minecraft:grass":3,"minecraft:deepslate_iron_ore":3,"minecraft:oak_log":33,"minecraft:coal_ore":19,"biomesoplenty:webbing":2,"minecraft:dirt":7,"minecraft:stone":49,"minecraft:deepslate":1,"minecraft:oak_leaves":19},"minecraft:picked_up":{"minecraft:allium":3,"minecraft:crafting_table":6,"minecraft:magenta_banner":1,"minecraft:leather":14,"minecraft:wooden_pickaxe":2,"spelunkers_charm:deepslate_rock":2,"minecraft:oak_log":35,"minecraft:dirt":8,"artifacts:flippers":1,"minecraft:lantern":1,"minecraft:bone":3,"minecraft:cobbled_deepslate":1,"minecraft:iron_ingot":2,"minecraft:beef":24,"twigs:twig":3,"minecraft:furnace":6,"minecraft:raw_iron":15,"apotheosis:gem":2,"minecraft:torch":3,"minecraft:porkchop":2,"minecraft:stone_button":1,"tombstone:grave_dust":5,"minecraft:diorite":2,"minecraft:arrow":3,"minecraft:rotten_flesh":4,"minecraft:granite":2,"supplementaries:ash":1,"minecraft:oak_sapling":4,"spelunkers_charm:rock":2,"minecraft:mutton":1,"minecraft:coal":19,"minecraft:white_wool":1,"minecraft:cobblestone":48},"minecraft:dropped":{"minecraft:iron_ingot":1,"minecraft:oak_log":1,"minecraft:granite":1,"minecraft:allium":3,"minecraft:stone_button":1,"minecraft:wooden_axe":1,"minecraft:wooden_pickaxe":4},"minecraft:killed":{"minecraft:pig":1,"minecraft:sheep":1,"minecraft:skeleton":2,"minecraft:zombie":6,"quark:shiba":1,"alexsmobs:crow":1,"artifacts:mimic":1,"minecraft:cow":12},"minecraft:crafted":{"minecraft:cooked_beef":20,"minecraft:oak_planks":72,"minecraft:cooked_porkchop":2,"minecraft:crafting_table":3,"minecraft:wooden_pickaxe":2,"minecraft:iron_helmet":1,"minecraft:furnace":3,"minecraft:oak_wood":3,"minecraft:stone_axe":1,"minecraft:air":0,"minecraft:iron_boots":1,"minecraft:charcoal":10,"quark:cobblestone_bricks":8,"minecraft:stick":18,"minecraft:iron_ingot":12,"minecraft:stone_pickaxe":1,"minecraft:wooden_axe":1,"minecraft:torch":32}},"DataVersion":3465}