{"stats":{"minecraft:used":{"minecraft:sweet_berries":18,"minecraft:spruce_planks":4},"minecraft:crafted":{"minecraft:crafting_table":1,"minecraft:spruce_planks":24,"minecraft:stick":8},"minecraft:picked_up":{"minecraft:sweet_berries":40,"waystones:waystone":1,"minecraft:spruce_sapling":2,"minecraft:spruce_log":8,"twigs:twig":2},"minecraft:dropped":{"tombstone:grave_key":1},"minecraft:mined":{"minecraft:grass":2,"minecraft:sweet_berry_bush":11,"minecraft:spruce_log":8},"minecraft:custom":{"minecraft:time_since_rest":10695,"minecraft:sprint_one_cm":41290,"minecraft:play_time":25888,"minecraft:deaths":2,"minecraft:damage_taken":760,"minecraft:walk_one_cm":37424,"minecraft:walk_under_water_one_cm":219,"minecraft:drop":1,"minecraft:jump":475,"minecraft:damage_dealt":9,"minecraft:leave_game":3,"minecraft:walk_on_water_one_cm":1050,"minecraft:time_since_death":13094,"minecraft:total_world_time":25888,"minecraft:swim_one_cm":3662,"minecraft:fall_one_cm":18495,"minecraft:fly_one_cm":104567}},"DataVersion":3465}