{"stats":{"minecraft:killed":{"minecraft:cave_spider":3,"minecraft:witch":2,"minecraft:spider":16,"minecraft:skeleton":33,"artifacts:mimic":3,"minecraft:pig":3,"quark:stoneling":2,"minecraft:zombie_villager":1,"minecraft:creeper":6,"alexsmobs:crimson_mosquito":12,"minecraft:sheep":3,"minecraft:pillager":1,"minecraft:zombie":60,"minecraft:stray":2,"alexsmobs:fly":2,"minecraft:blaze":7,"minecraft:vindicator":1,"quark:toretoise":2,"alexsmobs:skreecher":1,"minecraft:hoglin":2,"minecraft:enderman":2},"minecraft:dropped":{"minecraft:iron_sword":1,"minecraft:red_sandstone":2,"minecraft:rail":12,"minecraft:dirt":1,"minecraft:cornflower":2,"minecraft:bone_meal":1,"minecraft:white_wool":1,"twigs:twig":1,"minecraft:pink_dye":1,"tombstone:gift":1,"minecraft:rotten_flesh":19,"minecraft:poppy":12,"supplementaries:ash":3,"minecraft:gunpowder":4,"apotheosis:gem":5,"create:limestone":1,"minecraft:arrow":6,"minecraft:netherrack":8,"minecraft:wheat_seeds":36,"minecraft:minecart":8,"minecraft:cobblestone":23,"alexscaves:spelunkery_table":1,"minecraft:hopper_minecart":1,"minecraft:stick":3,"minecraft:oxeye_daisy":5,"tombstone:grave_dust":10,"minecraft:iron_shovel":1,"minecraft:string":10,"minecraft:dandelion":9,"minecraft:redstone":1,"minecraft:white_carpet":1,"minecraft:light_gray_wool":1,"minecraft:red_terracotta":4,"exposure:camera":2,"minecraft:iron_chestplate":1,"minecraft:spider_eye":1,"minecraft:stone_bricks":1,"minecraft:red_sand":3,"minecraft:bow":1},"minecraft:crafted":{"minecraft:oak_planks":232,"minecraft:lever":1,"minecraft:bookshelf":20,"minecraft:heavy_weighted_pressure_plate":1,"minecraft:cooked_mutton":10,"securitycraft:laser_block":1,"minecraft:quartz_block":42,"minecraft:glass":61,"exposure:black_and_white_film":1,"minecraft:chest":5,"minecraft:oak_button":1,"exposure:developed_black_and_white_film":1,"minecraft:oak_fence":18,"minecraft:smoker":2,"minecraft:glass_bottle":3,"minecraft:redstone_lamp":1,"minecraft:smooth_quartz":42,"minecraft:cooked_porkchop":7,"minecraft:crafting_table":3,"minecraft:spruce_planks":20,"minecraft:iron_helmet":1,"minecraft:baked_potato":64,"minecraft:oak_wood":9,"minecraft:cracked_deepslate_tiles":27,"minecraft:diamond_pickaxe":1,"minecraft:yellow_dye":1,"minecraft:stick":40,"quark:oak_chest":2,"minecraft:iron_ingot":58,"exposure:lightroom":1,"minecraft:iron_pickaxe":2,"quark:pickarang":1,"minecraft:deepslate_bricks":36,"securitycraft:universal_block_reinforcer_lvl1":1,"apotheosis:dormant_deepshelf":4,"minecraft:iron_nugget":9,"minecraft:furnace":12,"minecraft:bone_meal":204,"alexscaves:cave_map":2,"minecraft:glass_pane":16,"minecraft:polished_deepslate":36,"minecraft:iron_axe":1,"minecraft:iron_hoe":2,"minecraft:redstone_block":2,"quark:spruce_chest":2,"exposure:color_film":1,"exposure:camera":1,"sophisticatedbackpacks:iron_backpack":1,"minecraft:cooked_cod":9,"minecraft:enchanting_table":1,"minecraft:dried_kelp":4,"minecraft:bucket":2,"minecraft:deepslate_tiles":36,"minecraft:glowstone":1,"minecraft:bread":6,"minecraft:air":0,"minecraft:oak_fence_gate":1,"minecraft:gold_nugget":9,"minecraft:iron_shovel":2,"minecraft:torch":72},"minecraft:custom":{"lootr:looted_stat":39,"exposure:flashes_triggered":1,"minecraft:animals_bred":23,"exposure:interact_with_lightroom":17,"minecraft:interact_with_crafting_table":65,"minecraft:leave_game":7,"minecraft:time_since_death":401329,"minecraft:damage_resisted":19,"minecraft:sprint_one_cm":982949,"minecraft:drop":77,"minecraft:talked_to_villager":2,"minecraft:play_time":401329,"tombstone:tomb_raiding":1,"minecraft:jump":4747,"minecraft:walk_on_water_one_cm":5789,"minecraft:enchant_item":1,"minecraft:interact_with_furnace":85,"exposure:film_frames_exposed":18,"minecraft:interact_with_loom":12,"minecraft:sleep_in_bed":7,"minecraft:damage_dealt":30599,"minecraft:crouch_one_cm":33468,"tombstone:undead_killed":96,"minecraft:interact_with_smoker":11,"minecraft:mob_kills":172,"minecraft:damage_dealt_resisted":168,"minecraft:climb_one_cm":3785,"minecraft:walk_one_cm":1172629,"minecraft:sneak_time":11437,"minecraft:walk_under_water_one_cm":3673,"minecraft:interact_with_blast_furnace":10,"minecraft:total_world_time":401329,"tombstone:raider_killed":4,"minecraft:time_since_rest":5881,"minecraft:damage_taken":6011,"minecraft:trigger_trapped_chest":67,"minecraft:swim_one_cm":34553,"minecraft:fly_one_cm":1603617,"minecraft:open_chest":145,"minecraft:fall_one_cm":138219},"minecraft:used":{"minecraft:iron_shovel":720,"minecraft:chest":5,"minecraft:iron_sword":154,"minecraft:rotten_flesh":1,"minecraft:carrot":3,"minecraft:milk_bucket":2,"minecraft:glass":38,"minecraft:quartz_block":4,"minecraft:iron_helmet":1,"minecraft:stone_bricks":15,"minecraft:cooked_cod":10,"minecraft:furnace":9,"exposure:photograph":2,"apotheosis:dormant_deepshelf":4,"minecraft:potato":34,"minecraft:oak_planks":6,"minecraft:sugar_cane":23,"minecraft:sand":52,"alexscaves:cave_book":4,"minecraft:blast_furnace":2,"minecraft:black_bed":1,"minecraft:bread":10,"minecraft:cat_spawn_egg":1,"minecraft:bone_meal":201,"minecraft:oak_fence":28,"exposure:camera":19,"minecraft:trident":299,"minecraft:enchanting_table":1,"create:limestone":970,"minecraft:netherrack":11,"minecraft:torch":107,"minecraft:dirt":653,"minecraft:oak_fence_gate":1,"minecraft:iron_hoe":343,"minecraft:bookshelf":20,"quark:spruce_chest":2,"minecraft:iron_axe":126,"minecraft:iron_boots":1,"minecraft:smooth_quartz":472,"alexscaves:spelunkery_table":1,"minecraft:trapped_chest":2,"minecraft:wheat_seeds":142,"minecraft:cooked_mutton":15,"minecraft:water_bucket":32,"minecraft:glass_bottle":3,"minecraft:baked_potato":40,"minecraft:crafting_table":4,"minecraft:white_bed":1,"minecraft:smoker":2,"minecraft:diamond_pickaxe":130,"quark:pickarang":30,"minecraft:iron_pickaxe":1611,"exposure:lightroom":1,"minecraft:cobblestone":9,"minecraft:cooked_porkchop":14,"minecraft:bucket":32,"quark:oak_chest":1},"minecraft:mined":{"minecraft:white_bed":1,"minecraft:sculk_vein":1,"biomesoplenty:burning_blossom":5,"minecraft:granite":1,"biomesoplenty:bramble":1,"minecraft:grass_block":414,"minecraft:oxeye_daisy":5,"biomesoplenty:bramble_leaves":2,"minecraft:sculk_catalyst":1,"minecraft:glowstone":37,"minecraft:iron_ore":55,"minecraft:fire":2,"minecraft:anvil":1,"minecraft:azure_bluet":1,"create:limestone":1056,"minecraft:deepslate_redstone_ore":1,"minecraft:quartz_block":4,"minecraft:kelp_plant":1,"minecraft:smoker":1,"minecraft:soul_fire":3,"minecraft:torch":19,"minecraft:blast_furnace":2,"minecraft:poppy":8,"minecraft:nether_quartz_ore":175,"minecraft:cobblestone":4,"minecraft:sugar_cane":11,"minecraft:damaged_anvil":1,"minecraft:wall_torch":3,"minecraft:black_bed":1,"minecraft:grass":495,"minecraft:oak_log":58,"minecraft:smooth_quartz":182,"minecraft:sand":126,"minecraft:dirt":227,"minecraft:netherrack":19,"minecraft:oak_leaves":14,"minecraft:deepslate":37,"minecraft:tuff":1,"minecraft:deepslate_diamond_ore":2,"biomesoplenty:dead_grass":1,"minecraft:kelp":10,"minecraft:redstone_ore":4,"minecraft:furnace":1,"minecraft:red_sandstone":1,"minecraft:bookshelf":61,"minecraft:deepslate_iron_ore":17,"minecraft:stone":32,"twigs:pebble":2,"quark:oak_chest":3,"minecraft:dandelion":12,"minecraft:oak_fence":10,"minecraft:crafting_table":2,"minecraft:cornflower":5,"minecraft:sculk_sensor":2,"minecraft:tall_grass":38,"biomesoplenty:sprout":2,"minecraft:lapis_ore":1,"minecraft:deepslate_gold_ore":9,"minecraft:diorite":1,"supplementaries:urn":14,"minecraft:red_terracotta":3,"minecraft:trapped_chest":2,"minecraft:white_carpet":1,"minecraft:coal_ore":44,"quark:spruce_chest":2,"minecraft:gravel":3,"minecraft:cobweb":1,"minecraft:stone_bricks":8,"minecraft:mossy_stone_bricks":1},"minecraft:broken":{"minecraft:iron_shovel":2,"minecraft:iron_leggings":1,"minecraft:iron_sword":1,"minecraft:iron_pickaxe":6,"minecraft:iron_helmet":1},"minecraft:picked_up":{"quark:diamond_heart":2,"minecraft:wheat":45,"quark:pathfinders_quill":1,"minecraft:iron_chestplate":2,"biomesoplenty:burning_blossom":4,"minecraft:chainmail_boots":2,"minecraft:anvil":1,"minecraft:lead":7,"minecraft:potion":2,"minecraft:enchanted_book":16,"minecraft:string":27,"create:limestone":1080,"minecraft:raw_copper":28,"minecraft:iron_leggings":1,"exposure:camera":2,"alexsmobs:blood_sac":5,"minecraft:red_sand":3,"minecraft:cobbled_deepslate":37,"minecraft:bucket":1,"twigs:pebble":2,"nethersdelight:hoglin_sirloin":3,"minecraft:smooth_quartz":178,"minecraft:iron_pickaxe":1,"minecraft:hopper_minecart":3,"farmersdelight:cabbage_seeds":3,"minecraft:iron_boots":4,"minecraft:furnace":1,"minecraft:tipped_arrow":2,"minecraft:stick":13,"apotheosis:gem":30,"minecraft:oak_fence":10,"minecraft:torch":40,"twigs:bamboo_leaves":9,"minecraft:porkchop":4,"tombstone:grave_dust":16,"minecraft:diorite":1,"minecraft:quartz_block":4,"minecraft:rotten_flesh":76,"farmersdelight:onion":3,"supplementaries:antique_ink":4,"farmersdelight:rope":20,"tombstone:scroll_of_aquatic_life":1,"supplementaries:ash":35,"minecraft:obsidian":4,"minecraft:cobblestone":228,"minecraft:cherry_planks":18,"minecraft:andesite":6,"minecraft:black_bed":1,"minecraft:smoker":1,"artifacts:thorn_pendant":1,"minecraft:potato":99,"minecraft:flint":2,"minecraft:tuff":1,"create:raw_zinc":7,"supplementaries:flax_seeds":9,"minecraft:lapis_lazuli":33,"minecraft:dirt":658,"minecraft:lantern":10,"minecraft:name_tag":1,"minecraft:bone":37,"minecraft:bow":4,"minecraft:wheat_seeds":171,"minecraft:raw_gold":24,"minecraft:glowstone_dust":112,"minecraft:bamboo":86,"twigs:twig":20,"minecraft:oak_planks":12,"patchouli:guide_book":6,"tombstone:scroll_of_feather_fall":1,"minecraft:sand":172,"alexsmobs:animal_dictionary":5,"minecraft:trapped_chest":2,"minecraft:red_terracotta":4,"minecraft:bundle":3,"minecraft:iron_hoe":1,"minecraft:sugar":12,"minecraft:diamond":3,"minecraft:granite":151,"minecraft:emerald":9,"minecraft:chainmail_helmet":1,"minecraft:cyan_dye":1,"alexsmobs:maggot":2,"minecraft:oak_sapling":2,"minecraft:netherrack":19,"minecraft:diamond_pickaxe":1,"minecraft:crafting_table":2,"twigs:petrified_lichen":1,"minecraft:azure_bluet":2,"minecraft:leather_leggings":1,"spelunkers_charm:deepslate_rock":3,"minecraft:shield":1,"minecraft:cornflower":5,"minecraft:white_carpet":1,"minecraft:iron_shovel":4,"minecraft:glass_pane":14,"quark:spruce_chest":2,"minecraft:music_disc_otherside":1,"minecraft:poppy":12,"minecraft:light_gray_wool":4,"minecraft:minecart":12,"minecraft:sugar_cane":27,"minecraft:egg":2,"minecraft:raw_iron":75,"minecraft:sandstone":34,"exposure:photograph":1,"farmersdelight:tomato_seeds":11,"minecraft:music_disc_11":1,"minecraft:carrot":1,"minecraft:redstone":27,"minecraft:iron_horse_armor":1,"minecraft:tnt":2,"minecraft:arrow":38,"minecraft:cooked_cod":1,"minecraft:beetroot_seeds":3,"minecraft:diamond_boots":1,"tombstone:essence_of_undeath":3,"minecraft:white_wool":7,"minecraft:skeleton_skull":2,"minecraft:rail":36,"minecraft:oxeye_daisy":6,"artifacts:novelty_drinking_hat":1,"minecraft:leather":5,"alexsmobs:skreecher_soul":2,"spelunkers_charm:old_miners_bundle":1,"minecraft:oak_log":58,"minecraft:chainmail_chestplate":1,"artifacts:superstitious_hat":1,"minecraft:gunpowder":7,"alexsmobs:mosquito_proboscis":1,"minecraft:white_banner":1,"minecraft:cooked_mutton":4,"minecraft:stone_bricks":12,"minecraft:kelp":12,"minecraft:red_sandstone":2,"minecraft:iron_ingot":36,"artifacts:steadfast_spikes":1,"minecraft:glass_bottle":5,"minecraft:book":214,"minecraft:pumpkin":3,"minecraft:quartz":175,"minecraft:dandelion":11,"minecraft:gravel":45,"minecraft:amethyst_shard":4,"minecraft:blast_furnace":2,"minecraft:white_bed":1,"quark:oak_chest":3,"minecraft:spider_eye":17,"minecraft:pumpkin_seeds":2,"biomesoplenty:bramble":2,"minecraft:chainmail_leggings":3,"minecraft:iron_helmet":4,"minecraft:gray_wool":2,"tombstone:magic_scroll":3,"minecraft:baked_potato":1,"minecraft:black_wool":1,"minecraft:damaged_anvil":1,"minecraft:melon_seeds":3,"minecraft:coal":130,"minecraft:pink_dye":1,"minecraft:sunflower":1,"minecraft:ender_pearl":1}},"DataVersion":3465}