{"stats":{"minecraft:broken":{"minecraft:iron_shovel":2,"minecraft:iron_sword":1,"minecraft:iron_pickaxe":4},"minecraft:used":{"exposure:camera":13,"minecraft:trident":11,"create:limestone":393,"minecraft:iron_shovel":529,"minecraft:iron_sword":154,"minecraft:torch":82,"minecraft:dirt":519,"minecraft:iron_boots":1,"minecraft:stone_bricks":15,"minecraft:cooked_cod":7,"minecraft:glass_bottle":3,"minecraft:crafting_table":1,"minecraft:blast_furnace":1,"minecraft:black_bed":1,"minecraft:bread":4,"minecraft:iron_pickaxe":995,"exposure:lightroom":1,"minecraft:cat_spawn_egg":1,"minecraft:cobblestone":6,"minecraft:cooked_porkchop":8,"quark:oak_chest":1},"minecraft:custom":{"lootr:looted_stat":15,"minecraft:mob_kills":35,"exposure:interact_with_lightroom":12,"minecraft:interact_with_crafting_table":22,"minecraft:damage_dealt_resisted":0,"minecraft:leave_game":3,"minecraft:damage_resisted":0,"minecraft:time_since_death":126744,"minecraft:climb_one_cm":445,"minecraft:sprint_one_cm":206682,"minecraft:walk_one_cm":356115,"minecraft:drop":41,"minecraft:talked_to_villager":1,"minecraft:play_time":126744,"minecraft:sneak_time":2640,"minecraft:walk_under_water_one_cm":2298,"tombstone:tomb_raiding":1,"minecraft:jump":1781,"minecraft:walk_on_water_one_cm":1146,"minecraft:total_world_time":126744,"minecraft:interact_with_furnace":22,"minecraft:interact_with_loom":7,"exposure:film_frames_exposed":16,"minecraft:sleep_in_bed":1,"minecraft:time_since_rest":86018,"minecraft:damage_taken":1559,"minecraft:trigger_trapped_chest":24,"minecraft:damage_dealt":7305,"minecraft:swim_one_cm":10688,"minecraft:fly_one_cm":532528,"minecraft:open_chest":30,"minecraft:crouch_one_cm":6966,"tombstone:undead_killed":17,"minecraft:fall_one_cm":61081},"minecraft:mined":{"minecraft:deepslate_diamond_ore":1,"minecraft:granite":1,"minecraft:grass_block":310,"minecraft:kelp":10,"minecraft:oxeye_daisy":3,"minecraft:iron_ore":22,"minecraft:deepslate_iron_ore":13,"minecraft:stone":7,"create:limestone":922,"minecraft:deepslate_redstone_ore":1,"minecraft:kelp_plant":1,"minecraft:dandelion":10,"minecraft:cornflower":3,"minecraft:torch":6,"minecraft:blast_furnace":1,"minecraft:poppy":2,"minecraft:sculk_sensor":2,"minecraft:tall_grass":12,"minecraft:cobblestone":2,"minecraft:wall_torch":2,"supplementaries:urn":5,"minecraft:black_bed":1,"minecraft:grass":30,"minecraft:coal_ore":16,"minecraft:sand":12,"minecraft:dirt":218,"minecraft:cobweb":1,"minecraft:stone_bricks":3,"minecraft:oak_leaves":2},"minecraft:picked_up":{"minecraft:wheat":1,"spelunkers_charm:deepslate_rock":3,"minecraft:enchanted_book":3,"minecraft:cornflower":3,"minecraft:string":10,"create:limestone":918,"minecraft:iron_shovel":1,"exposure:camera":1,"minecraft:light_gray_wool":1,"minecraft:hopper_minecart":2,"minecraft:minecart":8,"minecraft:tipped_arrow":1,"minecraft:raw_iron":35,"minecraft:stick":3,"apotheosis:gem":8,"minecraft:torch":13,"minecraft:porkchop":4,"tombstone:grave_dust":3,"minecraft:tnt":2,"minecraft:arrow":8,"minecraft:rotten_flesh":10,"supplementaries:antique_ink":2,"minecraft:rail":12,"minecraft:skeleton_skull":1,"minecraft:cobblestone":35,"minecraft:oxeye_daisy":4,"artifacts:novelty_drinking_hat":1,"minecraft:black_bed":1,"alexsmobs:skreecher_soul":1,"supplementaries:flax_seeds":4,"minecraft:gunpowder":1,"minecraft:dirt":534,"minecraft:bone":5,"minecraft:stone_bricks":3,"minecraft:kelp":12,"minecraft:bow":1,"minecraft:wheat_seeds":33,"minecraft:bamboo":38,"twigs:twig":1,"minecraft:oak_planks":4,"patchouli:guide_book":1,"minecraft:dandelion":10,"minecraft:sand":12,"minecraft:blast_furnace":1,"minecraft:spider_eye":2,"minecraft:bundle":1,"minecraft:diamond":1,"minecraft:chainmail_leggings":1,"minecraft:granite":1,"minecraft:chainmail_helmet":1,"minecraft:cyan_dye":1,"tombstone:magic_scroll":1,"minecraft:coal":81,"minecraft:pink_dye":1},"minecraft:dropped":{"minecraft:iron_sword":1,"minecraft:wheat_seeds":33,"minecraft:minecart":8,"minecraft:cobblestone":23,"minecraft:hopper_minecart":1,"minecraft:rail":12,"minecraft:stick":3,"minecraft:oxeye_daisy":1,"tombstone:grave_dust":2,"minecraft:bone_meal":1,"minecraft:iron_shovel":1,"minecraft:string":6,"minecraft:white_wool":1,"twigs:twig":1,"tombstone:gift":1,"minecraft:rotten_flesh":8,"minecraft:light_gray_wool":1,"exposure:camera":1,"apotheosis:gem":5,"minecraft:stone_bricks":1,"minecraft:arrow":3,"minecraft:bow":1},"minecraft:killed":{"minecraft:cave_spider":3,"minecraft:spider":7,"minecraft:skeleton":5,"alexsmobs:skreecher":1,"artifacts:mimic":1,"minecraft:pig":3,"minecraft:creeper":1,"minecraft:zombie":11,"minecraft:stray":1,"alexsmobs:fly":1},"minecraft:crafted":{"minecraft:oak_planks":44,"minecraft:iron_nugget":9,"minecraft:lever":1,"minecraft:bone_meal":3,"minecraft:heavy_weighted_pressure_plate":1,"alexscaves:cave_map":1,"minecraft:glass_pane":16,"minecraft:glass":12,"exposure:black_and_white_film":1,"minecraft:oak_button":1,"exposure:developed_black_and_white_film":1,"exposure:camera":1,"minecraft:glass_bottle":3,"minecraft:cooked_cod":7,"minecraft:crafting_table":1,"minecraft:dried_kelp":2,"minecraft:air":0,"minecraft:yellow_dye":1,"minecraft:stick":16,"quark:oak_chest":1,"exposure:lightroom":1,"minecraft:iron_shovel":2,"minecraft:torch":48}},"DataVersion":3465}