{"stats":{"minecraft:picked_up":{"minecraft:stick":3,"apotheosis:gem":5,"minecraft:enchanted_book":3,"minecraft:gunpowder":1,"minecraft:dirt":11,"minecraft:spider_eye":1,"minecraft:string":1,"minecraft:tnt":2,"minecraft:iron_shovel":1,"minecraft:arrow":1,"minecraft:bow":1,"minecraft:wheat_seeds":11,"minecraft:bamboo":38,"minecraft:light_gray_wool":1,"minecraft:hopper_minecart":2,"minecraft:minecart":8,"twigs:twig":1,"minecraft:coal":65,"minecraft:rail":12,"minecraft:cobblestone":23,"minecraft:oxeye_daisy":1},"minecraft:dropped":{"minecraft:oxeye_daisy":1,"minecraft:iron_sword":1,"minecraft:wheat_seeds":11,"minecraft:minecart":8,"apotheosis:gem":5,"minecraft:cobblestone":23,"minecraft:stone_bricks":1,"minecraft:light_gray_wool":1,"minecraft:arrow":3,"minecraft:bow":1,"minecraft:hopper_minecart":1,"minecraft:iron_shovel":1,"minecraft:string":1,"minecraft:rail":12,"twigs:twig":1,"minecraft:stick":3},"minecraft:custom":{"minecraft:time_since_rest":13313,"minecraft:sprint_one_cm":7558,"minecraft:damage_taken":15,"minecraft:walk_one_cm":10253,"minecraft:trigger_trapped_chest":3,"minecraft:drop":26,"minecraft:fly_one_cm":36946,"minecraft:open_chest":2,"minecraft:play_time":13313,"minecraft:sneak_time":3,"minecraft:jump":110,"minecraft:leave_game":2,"minecraft:time_since_death":13313,"minecraft:total_world_time":13313,"minecraft:fall_one_cm":1430},"minecraft:mined":{"minecraft:oak_leaves":1}},"DataVersion":3465}