{"stats":{"minecraft:killed":{"minecraft:cave_spider":3,"minecraft:witch":3,"minecraft:spider":24,"minecraft:skeleton":36,"artifacts:mimic":4,"minecraft:pig":3,"quark:stoneling":2,"minecraft:zombie_villager":1,"minecraft:creeper":8,"alexsmobs:crimson_mosquito":12,"minecraft:sheep":3,"minecraft:pillager":1,"minecraft:zombie":76,"minecraft:stray":2,"alexsmobs:fly":2,"minecraft:cow":3,"minecraft:blaze":7,"minecraft:vindicator":1,"quark:toretoise":2,"alexsmobs:skreecher":1,"minecraft:hoglin":2,"minecraft:enderman":4},"minecraft:dropped":{"minecraft:iron_sword":1,"minecraft:birch_planks":2,"minecraft:oak_log":7,"minecraft:red_sandstone":2,"minecraft:leather":1,"minecraft:rail":12,"minecraft:dirt":3,"minecraft:yellow_dye":1,"minecraft:cornflower":3,"minecraft:bone_meal":1,"minecraft:white_wool":1,"twigs:twig":5,"minecraft:bone":5,"minecraft:pink_dye":1,"minecraft:birch_sapling":9,"tombstone:gift":1,"minecraft:rotten_flesh":25,"minecraft:poppy":14,"supplementaries:ash":6,"minecraft:gunpowder":6,"create:limestone":1,"exposure:developed_black_and_white_film":1,"apotheosis:gem":7,"minecraft:birch_door":6,"minecraft:arrow":10,"exposure:lightroom":1,"minecraft:netherrack":8,"minecraft:iron_ingot":4,"minecraft:wheat_seeds":120,"minecraft:lilac":1,"minecraft:minecart":8,"minecraft:cyan_dye":1,"minecraft:cobblestone":23,"alexscaves:spelunkery_table":1,"minecraft:granite":3,"minecraft:hopper_minecart":1,"minecraft:coal":7,"minecraft:stick":3,"minecraft:oxeye_daisy":5,"quark:clear_shard":3,"minecraft:torch":130,"minecraft:smooth_quartz":9,"minecraft:iron_door":2,"tombstone:grave_dust":12,"minecraft:iron_shovel":1,"minecraft:paper":1,"minecraft:string":23,"minecraft:redstone":1,"minecraft:dandelion":9,"minecraft:polished_diorite":20,"twigs:petrified_lichen":1,"minecraft:white_carpet":1,"minecraft:light_gray_wool":1,"alexscaves:cave_codex":2,"minecraft:red_terracotta":4,"minecraft:bundle":1,"minecraft:peony":2,"exposure:camera":2,"minecraft:iron_chestplate":1,"minecraft:spider_eye":12,"minecraft:stone_bricks":1,"minecraft:sandstone":20,"minecraft:bow":2,"minecraft:red_sand":3,"minecraft:magenta_dye":1},"minecraft:crafted":{"minecraft:oak_planks":448,"quark:birch_chest":15,"minecraft:stone":263,"minecraft:lever":1,"securitycraft:keypad_item":2,"minecraft:heavy_weighted_pressure_plate":3,"minecraft:bookshelf":20,"minecraft:cooked_mutton":10,"securitycraft:laser_block":2,"minecraft:quartz_block":42,"minecraft:glass":61,"exposure:black_and_white_film":1,"minecraft:chest":22,"minecraft:oak_button":1,"minecraft:iron_door":3,"exposure:developed_black_and_white_film":1,"minecraft:birch_door":3,"minecraft:stone_bricks":244,"minecraft:oak_fence":18,"securitycraft:keypad_door_item":2,"minecraft:smoker":2,"minecraft:glass_bottle":3,"minecraft:redstone_lamp":1,"minecraft:smooth_quartz":42,"minecraft:cooked_porkchop":7,"minecraft:crafting_table":4,"minecraft:spruce_planks":20,"minecraft:iron_helmet":1,"minecraft:baked_potato":64,"minecraft:oak_wood":9,"minecraft:cracked_deepslate_tiles":36,"minecraft:birch_planks":356,"minecraft:diamond_pickaxe":1,"minecraft:yellow_dye":1,"minecraft:iron_ingot":94,"minecraft:birch_fence":30,"minecraft:stick":88,"quark:oak_chest":3,"exposure:lightroom":1,"minecraft:iron_pickaxe":2,"quark:pickarang":1,"minecraft:deepslate_bricks":36,"minecraft:shears":1,"securitycraft:universal_block_reinforcer_lvl1":2,"apotheosis:dormant_deepshelf":4,"minecraft:cherry_planks":24,"minecraft:iron_nugget":9,"minecraft:furnace":12,"minecraft:stone_button":16,"minecraft:bone_meal":204,"securitycraft:keypad_frame":2,"alexscaves:cave_map":2,"minecraft:glass_pane":16,"minecraft:polished_deepslate":36,"minecraft:iron_axe":2,"securitycraft:universal_block_remover":1,"minecraft:iron_hoe":2,"minecraft:redstone_block":2,"trashcans:item_trash_can":1,"quark:spruce_chest":2,"exposure:color_film":1,"exposure:camera":1,"sophisticatedbackpacks:iron_backpack":1,"minecraft:cooked_cod":9,"minecraft:enchanting_table":1,"minecraft:dried_kelp":4,"minecraft:bucket":2,"quark:polished_calcite":120,"minecraft:deepslate_tiles":36,"minecraft:glowstone":1,"minecraft:bread":6,"minecraft:air":0,"minecraft:oak_fence_gate":1,"securitycraft:door_indestructible_iron_item":2,"minecraft:gold_nugget":9,"minecraft:iron_shovel":4,"minecraft:torch":152},"minecraft:custom":{"lootr:looted_stat":39,"exposure:flashes_triggered":4,"minecraft:animals_bred":95,"exposure:interact_with_lightroom":18,"minecraft:interact_with_crafting_table":88,"minecraft:leave_game":14,"minecraft:time_since_death":608071,"minecraft:damage_resisted":66,"minecraft:sprint_one_cm":1446457,"minecraft:drop":150,"minecraft:talked_to_villager":3,"minecraft:play_time":608071,"tombstone:tomb_raiding":1,"minecraft:jump":6298,"minecraft:walk_on_water_one_cm":6089,"minecraft:enchant_item":2,"minecraft:interact_with_furnace":141,"minecraft:interact_with_loom":16,"exposure:film_frames_exposed":21,"minecraft:sleep_in_bed":14,"minecraft:damage_dealt":37042,"minecraft:crouch_one_cm":41722,"tombstone:undead_killed":115,"minecraft:interact_with_smoker":11,"minecraft:interact_with_anvil":2,"minecraft:mob_kills":208,"minecraft:damage_dealt_resisted":168,"minecraft:climb_one_cm":4806,"minecraft:walk_one_cm":1778222,"minecraft:sneak_time":16588,"minecraft:walk_under_water_one_cm":3932,"minecraft:interact_with_blast_furnace":14,"minecraft:total_world_time":608071,"tombstone:raider_killed":5,"minecraft:time_since_rest":54750,"minecraft:damage_taken":6854,"minecraft:trigger_trapped_chest":77,"minecraft:swim_one_cm":34553,"minecraft:fly_one_cm":2220154,"minecraft:open_chest":197,"minecraft:fall_one_cm":155502},"minecraft:used":{"minecraft:iron_shovel":997,"trashcans:item_trash_can":1,"minecraft:chest":21,"minecraft:iron_sword":154,"minecraft:rotten_flesh":1,"securitycraft:keypad_item":4,"minecraft:carrot":4,"minecraft:milk_bucket":2,"minecraft:glass":50,"minecraft:birch_sapling":1,"minecraft:quartz_block":4,"minecraft:iron_helmet":1,"minecraft:stone_bricks":328,"minecraft:cooked_cod":10,"supplementaries:ash":1,"minecraft:oak_sapling":52,"minecraft:furnace":9,"exposure:photograph":2,"minecraft:skeleton_skull":2,"apotheosis:dormant_deepshelf":6,"minecraft:potato":34,"quark:polished_calcite":167,"securitycraft:door_indestructible_iron_item":4,"minecraft:oak_planks":229,"securitycraft:keypad_frame":2,"minecraft:sandstone":10,"minecraft:sugar_cane":51,"minecraft:sand":52,"alexscaves:cave_book":6,"minecraft:blast_furnace":2,"securitycraft:universal_block_remover":7,"minecraft:black_bed":1,"minecraft:birch_fence":23,"minecraft:bread":10,"minecraft:cat_spawn_egg":1,"minecraft:bone_meal":201,"minecraft:oak_fence":28,"exposure:camera":20,"minecraft:trident":363,"create:limestone":973,"minecraft:enchanting_table":1,"securitycraft:keypad_door_item":2,"minecraft:netherrack":11,"minecraft:torch":128,"minecraft:dirt":707,"minecraft:anvil":4,"minecraft:oak_fence_gate":1,"minecraft:polished_diorite":8,"minecraft:birch_door":5,"minecraft:iron_hoe":343,"minecraft:bookshelf":20,"quark:spruce_chest":2,"minecraft:iron_axe":565,"minecraft:iron_boots":1,"minecraft:smooth_quartz":479,"alexscaves:spelunkery_table":1,"minecraft:gunpowder":1,"minecraft:trapped_chest":2,"minecraft:wheat_seeds":142,"minecraft:cooked_mutton":15,"minecraft:water_bucket":33,"minecraft:birch_planks":166,"minecraft:glass_bottle":3,"minecraft:baked_potato":61,"minecraft:cherry_planks":5,"minecraft:crafting_table":5,"minecraft:white_bed":1,"minecraft:smoker":2,"minecraft:oak_log":222,"minecraft:diamond_pickaxe":1006,"minecraft:apple":9,"quark:pickarang":59,"minecraft:iron_pickaxe":1668,"exposure:lightroom":1,"minecraft:cobblestone":15,"minecraft:cooked_porkchop":14,"minecraft:bucket":33,"quark:oak_chest":1},"minecraft:mined":{"minecraft:white_bed":1,"minecraft:oak_sapling":9,"minecraft:sculk_vein":1,"minecraft:cherry_log":6,"biomesoplenty:burning_blossom":5,"minecraft:granite":2,"minecraft:budding_amethyst":7,"biomesoplenty:bramble":1,"minecraft:grass_block":643,"minecraft:polished_diorite":8,"minecraft:oxeye_daisy":5,"biomesoplenty:bramble_leaves":2,"minecraft:glowstone":37,"minecraft:sculk_catalyst":1,"minecraft:iron_ore":65,"minecraft:fire":2,"quark:polished_calcite":152,"minecraft:anvil":4,"minecraft:azure_bluet":1,"create:limestone":1058,"minecraft:deepslate_redstone_ore":1,"minecraft:quartz_block":4,"minecraft:kelp_plant":1,"minecraft:smoker":1,"minecraft:soul_fire":3,"minecraft:amethyst_cluster":3,"minecraft:torch":30,"minecraft:blast_furnace":2,"minecraft:calcite":492,"minecraft:poppy":9,"minecraft:nether_quartz_ore":175,"minecraft:glass":1,"minecraft:cobblestone":4,"minecraft:damaged_anvil":1,"minecraft:oak_planks":20,"minecraft:sugar_cane":34,"minecraft:wall_torch":12,"minecraft:amethyst_block":128,"minecraft:birch_sapling":1,"minecraft:skeleton_skull":1,"apotheosis:dormant_deepshelf":2,"minecraft:birch_log":90,"minecraft:birch_door":2,"minecraft:black_bed":1,"minecraft:grass":542,"minecraft:oak_log":328,"minecraft:smooth_quartz":190,"minecraft:sand":126,"minecraft:dirt":303,"minecraft:smooth_basalt":10,"minecraft:netherrack":19,"minecraft:deepslate":37,"minecraft:oak_leaves":61,"minecraft:tuff":1,"minecraft:deepslate_diamond_ore":2,"biomesoplenty:dead_grass":1,"minecraft:kelp":10,"minecraft:sandstone":10,"minecraft:redstone_ore":4,"minecraft:furnace":1,"minecraft:carrots":1,"minecraft:red_sandstone":1,"supplementaries:gunpowder":1,"minecraft:peony":1,"minecraft:bookshelf":62,"minecraft:deepslate_iron_ore":17,"minecraft:stone":41,"twigs:pebble":2,"minecraft:cherry_planks":1,"quark:oak_chest":3,"minecraft:dandelion":12,"minecraft:oak_fence":14,"minecraft:crafting_table":2,"minecraft:cornflower":6,"exposure:lightroom":1,"minecraft:sculk_sensor":2,"minecraft:tall_grass":54,"biomesoplenty:sprout":2,"minecraft:deepslate_gold_ore":9,"minecraft:lapis_ore":1,"minecraft:diorite":1,"supplementaries:urn":14,"minecraft:birch_planks":4,"minecraft:red_terracotta":3,"minecraft:trapped_chest":2,"minecraft:white_carpet":1,"minecraft:birch_leaves":5,"minecraft:coal_ore":44,"quark:spruce_chest":2,"minecraft:gravel":3,"minecraft:cobweb":1,"minecraft:stone_bricks":76,"minecraft:mossy_stone_bricks":1},"minecraft:broken":{"minecraft:iron_shovel":2,"minecraft:iron_leggings":1,"minecraft:iron_sword":1,"securitycraft:universal_block_reinforcer_lvl1":1,"minecraft:iron_axe":2,"minecraft:iron_pickaxe":7,"minecraft:iron_helmet":1},"minecraft:picked_up":{"quark:diamond_heart":2,"minecraft:iron_chestplate":2,"quark:pathfinders_quill":1,"minecraft:birch_door":8,"biomesoplenty:burning_blossom":4,"minecraft:wheat":185,"securitycraft:keypad_item":2,"minecraft:chainmail_boots":2,"minecraft:anvil":4,"minecraft:lead":7,"minecraft:potion":2,"minecraft:enchanted_book":16,"minecraft:amethyst_block":128,"minecraft:string":41,"minecraft:raw_copper":28,"create:limestone":1082,"minecraft:iron_leggings":1,"exposure:camera":2,"exposure:lightroom":1,"alexsmobs:blood_sac":5,"minecraft:red_sand":3,"minecraft:cobbled_deepslate":37,"minecraft:bucket":1,"twigs:pebble":2,"minecraft:calcite":492,"minecraft:smooth_quartz":186,"nethersdelight:hoglin_sirloin":3,"minecraft:iron_pickaxe":1,"minecraft:hopper_minecart":3,"farmersdelight:cabbage_seeds":3,"minecraft:iron_boots":4,"minecraft:furnace":1,"minecraft:tipped_arrow":2,"minecraft:stick":16,"artifacts:universal_attractor":1,"apotheosis:gem":32,"minecraft:oak_fence":14,"minecraft:torch":127,"twigs:bamboo_leaves":9,"minecraft:porkchop":4,"minecraft:cherry_log":6,"tombstone:grave_dust":21,"minecraft:diorite":1,"minecraft:quartz_block":4,"apotheosis:dormant_deepshelf":2,"quark:clear_shard":3,"minecraft:rotten_flesh":104,"farmersdelight:onion":3,"supplementaries:antique_ink":4,"farmersdelight:rope":20,"tombstone:scroll_of_aquatic_life":1,"supplementaries:ash":39,"minecraft:obsidian":4,"minecraft:cobblestone":237,"minecraft:birch_log":89,"minecraft:leather_chestplate":1,"minecraft:lilac":1,"minecraft:cherry_planks":19,"minecraft:iron_door":2,"minecraft:andesite":6,"minecraft:black_bed":1,"quark:polished_calcite":152,"minecraft:smoker":1,"artifacts:thorn_pendant":1,"minecraft:potato":99,"minecraft:magenta_dye":1,"minecraft:flint":2,"minecraft:tuff":1,"create:raw_zinc":7,"supplementaries:flax_seeds":9,"minecraft:lapis_lazuli":33,"minecraft:dirt":954,"minecraft:lantern":10,"minecraft:name_tag":1,"securitycraft:reinforced_stone_button":16,"minecraft:bone":44,"minecraft:bow":5,"minecraft:wheat_seeds":519,"minecraft:raw_gold":24,"minecraft:glowstone_dust":112,"minecraft:bamboo":86,"twigs:twig":95,"minecraft:oak_planks":32,"patchouli:guide_book":6,"tombstone:scroll_of_feather_fall":1,"minecraft:sand":172,"minecraft:trapped_chest":2,"minecraft:red_terracotta":4,"alexsmobs:animal_dictionary":5,"minecraft:bundle":3,"minecraft:iron_hoe":1,"minecraft:sugar":12,"minecraft:diamond":3,"minecraft:granite":154,"minecraft:emerald":9,"minecraft:chainmail_helmet":2,"minecraft:cyan_dye":2,"alexsmobs:maggot":2,"minecraft:oak_sapling":105,"minecraft:netherrack":19,"minecraft:diamond_pickaxe":1,"minecraft:crafting_table":2,"twigs:petrified_lichen":4,"minecraft:azure_bluet":2,"minecraft:turtle_helmet":1,"minecraft:leather_leggings":1,"spelunkers_charm:deepslate_rock":3,"minecraft:shield":1,"minecraft:cornflower":6,"alexscaves:cave_codex":2,"minecraft:white_carpet":1,"minecraft:iron_shovel":4,"minecraft:glass_pane":14,"quark:spruce_chest":2,"minecraft:music_disc_otherside":1,"minecraft:beef":5,"minecraft:poppy":15,"minecraft:light_gray_wool":4,"minecraft:minecart":12,"minecraft:sugar_cane":110,"minecraft:birch_sapling":10,"minecraft:egg":2,"minecraft:raw_iron":85,"minecraft:sandstone":44,"exposure:photograph":1,"farmersdelight:tomato_seeds":11,"minecraft:music_disc_11":1,"minecraft:carrot":6,"minecraft:redstone":27,"minecraft:iron_horse_armor":1,"minecraft:tnt":2,"minecraft:arrow":40,"minecraft:cooked_cod":1,"minecraft:beetroot_seeds":3,"minecraft:peony":2,"minecraft:diamond_boots":1,"tombstone:essence_of_undeath":3,"minecraft:rail":36,"minecraft:skeleton_skull":3,"minecraft:white_wool":7,"minecraft:oxeye_daisy":6,"artifacts:novelty_drinking_hat":1,"minecraft:leather":9,"minecraft:yellow_dye":1,"alexsmobs:skreecher_soul":2,"minecraft:birch_planks":4,"spelunkers_charm:old_miners_bundle":1,"minecraft:oak_log":341,"minecraft:chainmail_chestplate":2,"artifacts:superstitious_hat":1,"minecraft:gunpowder":15,"alexsmobs:mosquito_proboscis":1,"minecraft:paper":1,"minecraft:white_banner":1,"minecraft:cooked_mutton":4,"minecraft:apple":9,"minecraft:stone_bricks":80,"minecraft:kelp":12,"minecraft:red_sandstone":2,"minecraft:iron_ingot":38,"artifacts:steadfast_spikes":1,"minecraft:glass_bottle":5,"apotheosis:gem_dust":2,"minecraft:book":217,"minecraft:smooth_basalt":10,"minecraft:pumpkin":3,"minecraft:quartz":175,"minecraft:dandelion":11,"minecraft:gravel":45,"exposure:developed_black_and_white_film":1,"minecraft:amethyst_shard":18,"minecraft:blast_furnace":2,"minecraft:white_bed":1,"quark:oak_chest":3,"minecraft:spider_eye":30,"minecraft:pumpkin_seeds":2,"biomesoplenty:bramble":2,"minecraft:polished_diorite":8,"minecraft:chainmail_leggings":3,"minecraft:iron_helmet":5,"minecraft:gray_wool":2,"minecraft:melon_seeds":3,"securitycraft:keypad":2,"minecraft:baked_potato":2,"tombstone:magic_scroll":4,"securitycraft:door_indestructible_iron_item":4,"minecraft:damaged_anvil":1,"minecraft:black_wool":1,"minecraft:coal":137,"minecraft:pink_dye":1,"minecraft:sunflower":1,"minecraft:ender_pearl":4}},"DataVersion":3465}