{"stat.walkOneCm":28141,"stat.useItem.minecraft.bed":2,"achievement.openInventory":2,"stat.leaveGame":1,"stat.damageTaken":190,"stat.flyOneCm":32738,"stat.mineBlock.minecraft.stained_glass_pane":3,"stat.drop":4,"stat.jump":45,"stat.playOneMinute":6605,"stat.fallOneCm":2423,"stat.damageDealt":135,"stat.crouchOneCm":2415,"stat.mineBlock.minecraft.wool":14,"stat.useItem.minecraft.wool":3,"stat.timeSinceDeath":6605,"stat.sprintOneCm":6418,"achievement.exploreAllBiomes":{"value":0,"progress":["Desert"]}}