{"stats":{"minecraft:custom":{"minecraft:jump":33,"minecraft:time_since_rest":1677,"minecraft:leave_game":1,"minecraft:sprint_one_cm":1983,"minecraft:play_time":1677,"minecraft:time_since_death":1677,"minecraft:walk_one_cm":2757,"minecraft:total_world_time":1677,"minecraft:fly_one_cm":3297},"minecraft:crafted":{"minecraft:oak_planks":4,"minecraft:stick":4},"minecraft:picked_up":{"minecraft:oak_log":1,"minecraft:oak_sapling":1,"twigs:twig":2},"minecraft:mined":{"minecraft:oak_log":1,"minecraft:oak_leaves":2}},"DataVersion":3465}