{"stats":{"minecraft:picked_up":{"minecraft:smoker":1,"minecraft:enchanted_book":9,"create:raw_zinc":7,"minecraft:oak_log":43,"minecraft:gunpowder":1,"minecraft:string":3,"minecraft:dirt":32,"minecraft:iron_shovel":1,"minecraft:bone":2,"minecraft:apple":7,"minecraft:stone_bricks":7,"minecraft:bow":1,"minecraft:wheat_seeds":11,"minecraft:bucket":1,"twigs:pebble":1,"minecraft:minecart":4,"minecraft:light_gray_wool":1,"minecraft:bamboo":10,"twigs:twig":17,"minecraft:iron_sword":1,"minecraft:oak_planks":1,"minecraft:furnace":1,"minecraft:book":36,"minecraft:stick":4,"minecraft:raw_iron":4,"apotheosis:gem":14,"patchouli:guide_book":1,"twigs:bamboo_leaves":9,"tombstone:grave_dust":2,"minecraft:trapped_chest":1,"alexsmobs:animal_dictionary":1,"minecraft:arrow":3,"minecraft:chainmail_leggings":1,"minecraft:oak_sapling":29,"minecraft:black_wool":1,"minecraft:coal":36,"minecraft:oxeye_daisy":1,"minecraft:rail":24,"minecraft:cobblestone":107,"minecraft:sunflower":1},"minecraft:dropped":{"minecraft:rail":12},"minecraft:crafted":{"minecraft:oak_planks":40,"minecraft:crafting_table":1,"minecraft:stick":16,"quark:oak_chest":2,"minecraft:iron_shovel":1,"minecraft:torch":16},"minecraft:custom":{"minecraft:interact_with_furnace":7,"lootr:looted_stat":11,"minecraft:mob_kills":4,"minecraft:interact_with_crafting_table":3,"minecraft:damage_dealt_resisted":0,"minecraft:leave_game":2,"minecraft:damage_resisted":0,"minecraft:time_since_death":21043,"minecraft:sleep_in_bed":1,"minecraft:climb_one_cm":74,"minecraft:time_since_rest":321,"minecraft:sprint_one_cm":67210,"minecraft:damage_taken":163,"minecraft:walk_one_cm":45040,"minecraft:trigger_trapped_chest":17,"minecraft:drop":1,"minecraft:damage_dealt":830,"minecraft:fly_one_cm":49655,"minecraft:open_chest":12,"minecraft:crouch_one_cm":719,"minecraft:play_time":21043,"tombstone:undead_killed":2,"minecraft:sneak_time":494,"minecraft:jump":252,"minecraft:total_world_time":21043,"minecraft:interact_with_smoker":1,"minecraft:fall_one_cm":1369},"minecraft:killed":{"minecraft:spider":1,"minecraft:creeper":1,"minecraft:zombie":2},"minecraft:mined":{"create:zinc_ore":7,"minecraft:smoker":1,"minecraft:grass_block":8,"minecraft:diorite":1,"minecraft:iron_ore":4,"minecraft:grass":1,"minecraft:oak_log":43,"minecraft:coal_ore":36,"minecraft:dirt":24,"minecraft:stone":60,"minecraft:oak_leaves":19},"minecraft:used":{"minecraft:cooked_mutton":1,"minecraft:iron_shovel":33,"minecraft:iron_sword":12,"minecraft:torch":9,"minecraft:crafting_table":1,"minecraft:oak_log":5,"minecraft:iron_axe":50,"minecraft:iron_pickaxe":109,"minecraft:cobblestone":5,"minecraft:furnace":1,"quark:oak_chest":2,"minecraft:trapped_chest":1}},"DataVersion":3465}