{"stats":{"minecraft:broken":{"minecraft:iron_sword":1,"minecraft:iron_pickaxe":3},"minecraft:used":{"minecraft:oak_trapdoor":8,"minecraft:cherry_sapling":26,"minecraft:iron_shovel":125,"minecraft:flint_and_steel":1,"minecraft:shield":7,"minecraft:iron_sword":196,"minecraft:torch":66,"quark:cherry_chest":4,"minecraft:dirt":32,"minecraft:granite":6,"minecraft:obsidian":12,"minecraft:iron_axe":165,"minecraft:iron_helmet":1,"minecraft:smooth_basalt":1,"minecraft:furnace":5,"minecraft:oak_sapling":30,"tombstone:gift":1,"minecraft:trapped_chest":1,"minecraft:cooked_beef":2,"minecraft:cobbled_deepslate":4,"minecraft:cherry_log":6,"minecraft:cooked_mutton":1,"minecraft:amethyst_block":31,"minecraft:baked_potato":11,"minecraft:cherry_planks":176,"minecraft:golden_apple":1,"minecraft:crafting_table":2,"minecraft:red_bed":3,"minecraft:white_bed":1,"minecraft:smoker":2,"tombstone:bag_of_seeds":2,"minecraft:oak_log":5,"minecraft:diamond_pickaxe":131,"minecraft:iron_pickaxe":648,"minecraft:cobblestone":27,"minecraft:pumpkin_pie":7,"quark:oak_chest":10,"twigs:pebble":2},"minecraft:custom":{"lootr:looted_stat":19,"minecraft:mob_kills":28,"minecraft:interact_with_crafting_table":28,"minecraft:damage_dealt_resisted":0,"minecraft:leave_game":6,"minecraft:time_since_death":87771,"minecraft:climb_one_cm":438,"minecraft:damage_resisted":0,"minecraft:sprint_one_cm":308075,"minecraft:walk_one_cm":379142,"minecraft:damage_blocked_by_shield":230,"minecraft:drop":7,"minecraft:play_time":129794,"minecraft:deaths":2,"minecraft:sneak_time":6797,"minecraft:walk_under_water_one_cm":706,"minecraft:jump":840,"minecraft:walk_on_water_one_cm":18981,"minecraft:total_world_time":129794,"minecraft:interact_with_furnace":59,"minecraft:interact_with_cartography_table":1,"minecraft:sleep_in_bed":2,"minecraft:time_since_rest":87112,"minecraft:damage_taken":1351,"minecraft:trigger_trapped_chest":23,"minecraft:damage_dealt":6735,"minecraft:fly_one_cm":192725,"minecraft:open_chest":167,"minecraft:crouch_one_cm":11061,"tombstone:undead_killed":17,"minecraft:interact_with_smoker":5,"minecraft:fall_one_cm":6569},"minecraft:picked_up":{"minecraft:turtle_helmet":1,"minecraft:lead":2,"aether:iron_gloves":1,"minecraft:enchanted_book":10,"minecraft:amethyst_block":33,"minecraft:string":5,"minecraft:red_bed":3,"minecraft:raw_copper":19,"minecraft:iron_leggings":2,"minecraft:iron_shovel":1,"minecraft:detector_rail":3,"minecraft:cobbled_deepslate":12,"minecraft:bucket":1,"twigs:pebble":34,"minecraft:beef":6,"minecraft:redstone_torch":1,"minecraft:minecart":4,"minecraft:light_gray_wool":1,"minecraft:furnace":4,"minecraft:stick":4,"minecraft:raw_iron":48,"apotheosis:gem":17,"bygonenether:cobbled_blackstone":2,"minecraft:torch":32,"twigs:bamboo_leaves":9,"farmersdelight:tomato_seeds":2,"minecraft:cherry_log":59,"tombstone:grave_dust":6,"minecraft:redstone":50,"minecraft:arrow":5,"minecraft:rotten_flesh":3,"farmersdelight:rope":21,"minecraft:gold_ingot":3,"supplementaries:ash":10,"minecraft:obsidian":17,"minecraft:cobblestone":340,"minecraft:rail":46,"minecraft:oxeye_daisy":4,"minecraft:magma_block":4,"minecraft:pink_petals":2,"minecraft:feather":2,"minecraft:cherry_planks":34,"minecraft:andesite":1,"minecraft:leather":5,"minecraft:smoker":2,"spelunkers_charm:old_miners_bundle":2,"minecraft:flint":6,"minecraft:tuff":1,"create:raw_zinc":34,"minecraft:oak_log":43,"minecraft:gunpowder":3,"minecraft:dirt":32,"minecraft:lapis_lazuli":37,"minecraft:bone":10,"minecraft:apple":7,"minecraft:stone_bricks":7,"minecraft:bow":1,"minecraft:raw_gold":9,"minecraft:wheat_seeds":14,"minecraft:iron_ingot":4,"tombstone:bag_of_seeds":1,"minecraft:bamboo":10,"twigs:twig":32,"minecraft:oak_planks":1,"minecraft:iron_sword":1,"minecraft:book":36,"minecraft:smooth_basalt":1,"patchouli:guide_book":1,"minecraft:gravel":86,"minecraft:amethyst_shard":8,"minecraft:white_bed":1,"minecraft:red_terracotta":1,"minecraft:spider_eye":1,"minecraft:trapped_chest":1,"alexsmobs:animal_dictionary":1,"minecraft:leather_helmet":1,"minecraft:chainmail_leggings":1,"minecraft:granite":228,"minecraft:cherry_sapling":26,"minecraft:netherrack":5,"minecraft:golden_apple":1,"minecraft:emerald":2,"minecraft:bread":3,"minecraft:baked_potato":1,"alexsmobs:maggot":1,"minecraft:oak_sapling":29,"minecraft:black_wool":1,"spelunkers_charm:rock":1,"minecraft:coal":62,"minecraft:sunflower":1},"minecraft:mined":{"create:zinc_ore":23,"minecraft:large_amethyst_bud":1,"create:deepslate_zinc_ore":13,"minecraft:tuff":1,"minecraft:cherry_log":59,"minecraft:obsidian":19,"minecraft:granite":228,"minecraft:grass_block":8,"minecraft:oxeye_daisy":3,"minecraft:spawner":1,"minecraft:magma_block":4,"minecraft:redstone_ore":2,"minecraft:furnace":3,"minecraft:iron_ore":31,"minecraft:cobbled_deepslate":1,"minecraft:andesite":1,"minecraft:deepslate_lapis_ore":3,"minecraft:deepslate_iron_ore":9,"minecraft:stone":287,"minecraft:deepslate_redstone_ore":9,"twigs:pebble":1,"minecraft:cherry_planks":34,"minecraft:red_bed":2,"minecraft:blackstone":3,"minecraft:smoker":2,"minecraft:amethyst_cluster":2,"minecraft:torch":5,"spelunkers_charm:dead_grass":1,"minecraft:tall_grass":4,"minecraft:copper_ore":5,"minecraft:cobblestone":2,"minecraft:deepslate_gold_ore":9,"minecraft:lapis_ore":3,"minecraft:diorite":1,"minecraft:wall_torch":9,"minecraft:amethyst_block":33,"supplementaries:urn":7,"minecraft:pink_petals":1,"minecraft:red_terracotta":1,"minecraft:redstone_torch":1,"minecraft:black_bed":1,"minecraft:grass":12,"minecraft:oak_log":43,"minecraft:coal_ore":57,"minecraft:cherry_leaves":7,"minecraft:gravel":92,"minecraft:dirt":24,"minecraft:smooth_basalt":2,"minecraft:netherrack":6,"minecraft:deepslate":12,"minecraft:oak_leaves":19},"minecraft:dropped":{"minecraft:baked_potato":3,"minecraft:rail":12,"twigs:pebble":1,"aether:iron_gloves":1,"sophisticatedbackpacks:copper_backpack":1},"minecraft:killed":{"alexsmobs:raccoon":1,"minecraft:spider":2,"alexsmobs:seagull":1,"minecraft:skeleton":2,"minecraft:husk":1,"minecraft:creeper":2,"minecraft:trader_llama":2,"minecraft:zombie":14,"minecraft:enderman":1,"minecraft:cow":1},"minecraft:crafted":{"minecraft:cherry_planks":212,"minecraft:oak_planks":136,"minecraft:furnace":1,"minecraft:stone_button":8,"minecraft:stone":8,"quark:cherry_chest":5,"minecraft:heavy_weighted_pressure_plate":1,"minecraft:flint_and_steel":1,"minecraft:oak_trapdoor":8,"sophisticatedbackpacks:iron_backpack":1,"minecraft:cooked_beef":6,"sophisticatedbackpacks:backpack":1,"minecraft:crafting_table":2,"minecraft:baked_potato":14,"minecraft:iron_helmet":1,"sophisticatedbackpacks:gold_backpack":1,"minecraft:gold_block":3,"minecraft:air":0,"minecraft:stick":16,"quark:oak_chest":10,"minecraft:iron_ingot":37,"minecraft:iron_pickaxe":2,"minecraft:iron_block":7,"minecraft:iron_shovel":1,"minecraft:gold_ingot":9,"minecraft:torch":36}},"DataVersion":3465}